scenario,thread_id,seq,question,ok,err_type,err_msg,t_total,t_retrieve,t_generate,t_citation,t_db,http_status,cold,ts
web,0,0,,True,,,0.6305528999655508,0.0,0.0,0.0,0.0,200,False,1787940263.7261202
web,0,1,,True,,,0.00685990002239123,0.0,0.0,0.0,0.0,200,False,1787940269.357447
web,0,2,,True,,,0.02460520004387945,0.0,0.0,0.0,0.0,200,False,1787940274.364749
web,0,3,,True,,,0.003350700018927455,0.0,0.0,0.0,0.0,200,False,1787940279.3896182
web,0,4,,True,,,0.004916700010653585,0.0,0.0,0.0,0.0,200,False,1787940284.3932674
web,0,5,,True,,,0.007899800024461001,0.0,0.0,0.0,0.0,200,False,1787940289.3988106
web,0,6,,True,,,0.01801309996517375,0.0,0.0,0.0,0.0,200,False,1787940294.407103
web,0,7,,True,,,0.004417399992235005,0.0,0.0,0.0,0.0,200,False,1787940299.4256105
web,0,8,,True,,,0.02817429997958243,0.0,0.0,0.0,0.0,200,False,1787940304.4303021
web,0,9,,True,,,0.0023108000168576837,0.0,0.0,0.0,0.0,200,False,1787940309.4587617
web,1,0,,True,,,0.5035644000163302,0.0,0.0,0.0,0.0,200,False,1787940263.7741086
web,1,1,,True,,,0.02582729997811839,0.0,0.0,0.0,0.0,200,False,1787940269.2777722
web,1,2,,True,,,0.02034520002780482,0.0,0.0,0.0,0.0,200,False,1787940274.3042197
web,1,3,,True,,,0.0027603000053204596,0.0,0.0,0.0,0.0,200,False,1787940279.3251095
web,1,4,,True,,,0.020269499975256622,0.0,0.0,0.0,0.0,200,False,1787940284.3285763
web,1,5,,True,,,0.004656400007661432,0.0,0.0,0.0,0.0,200,False,1787940289.3497653
web,1,6,,True,,,0.02315019996603951,0.0,0.0,0.0,0.0,200,False,1787940294.3550622
web,1,7,,True,,,0.004239500034600496,0.0,0.0,0.0,0.0,200,False,1787940299.3784642
web,1,8,,True,,,0.0021875000093132257,0.0,0.0,0.0,0.0,200,False,1787940304.38298
web,1,9,,True,,,0.02364520000992343,0.0,0.0,0.0,0.0,200,False,1787940309.3857121
web,2,0,,True,,,0.8826247000251897,0.0,0.0,0.0,0.0,200,False,1787940263.5135365
web,2,1,,True,,,0.028037399984896183,0.0,0.0,0.0,0.0,200,False,1787940269.3969097
web,2,2,,True,,,0.027789399959146976,0.0,0.0,0.0,0.0,200,False,1787940274.425427
web,2,3,,True,,,0.027604900009464473,0.0,0.0,0.0,0.0,200,False,1787940279.4535182
web,2,4,,True,,,0.006912000011652708,0.0,0.0,0.0,0.0,200,False,1787940284.4812098
web,2,5,,True,,,0.0034280999680049717,0.0,0.0,0.0,0.0,200,False,1787940289.488469
web,2,6,,True,,,0.013684300007298589,0.0,0.0,0.0,0.0,200,False,1787940294.4924886
web,2,7,,True,,,0.01772449997952208,0.0,0.0,0.0,0.0,200,False,1787940299.506377
web,2,8,,True,,,0.006169000000227243,0.0,0.0,0.0,0.0,200,False,1787940304.5249465
web,2,9,,True,,,0.022279799974057823,0.0,0.0,0.0,0.0,200,False,1787940309.531794
web,3,0,,True,,,0.43905980000272393,0.0,0.0,0.0,0.0,200,False,1787940263.77326
web,3,1,,True,,,0.031319100002292544,0.0,0.0,0.0,0.0,200,False,1787940269.2129693
web,3,2,,True,,,0.012431499955710024,0.0,0.0,0.0,0.0,200,False,1787940274.245005
web,3,3,,True,,,0.025196500006131828,0.0,0.0,0.0,0.0,200,False,1787940279.2579281
web,3,4,,True,,,0.005331499967724085,0.0,0.0,0.0,0.0,200,False,1787940284.2838204
web,3,5,,True,,,0.031129500013776124,0.0,0.0,0.0,0.0,200,False,1787940289.2895427
web,3,6,,True,,,0.0023840999929234385,0.0,0.0,0.0,0.0,200,False,1787940294.3212578
web,3,7,,True,,,0.024359600036405027,0.0,0.0,0.0,0.0,200,False,1787940299.3240979
web,3,8,,True,,,0.012879899994004518,0.0,0.0,0.0,0.0,200,False,1787940304.3485234
web,3,9,,True,,,0.016229200002271682,0.0,0.0,0.0,0.0,200,False,1787940309.3615518
web,4,0,,True,,,0.8788560999673791,0.0,0.0,0.0,0.0,200,False,1787940263.5137212
web,4,1,,True,,,0.016287499980535358,0.0,0.0,0.0,0.0,200,False,1787940269.3931835
web,4,2,,True,,,0.02541390003170818,0.0,0.0,0.0,0.0,200,False,1787940274.409885
web,4,3,,True,,,0.010206600010860711,0.0,0.0,0.0,0.0,200,False,1787940279.435471
web,4,4,,True,,,0.030037200020160526,0.0,0.0,0.0,0.0,200,False,1787940284.4459195
web,4,5,,True,,,0.004319900006521493,0.0,0.0,0.0,0.0,200,False,1787940289.4762807
web,4,6,,True,,,0.006430600013118237,0.0,0.0,0.0,0.0,200,False,1787940294.4807332
web,4,7,,True,,,0.010132099967449903,0.0,0.0,0.0,0.0,200,False,1787940299.4874198
web,4,8,,True,,,0.011479400040116161,0.0,0.0,0.0,0.0,200,False,1787940304.4979165
web,4,9,,True,,,0.02754879998974502,0.0,0.0,0.0,0.0,200,False,1787940309.509679
web,5,0,,True,,,0.697244499984663,0.0,0.0,0.0,0.0,200,False,1787940263.5136375
web,5,1,,True,,,0.01504430000204593,0.0,0.0,0.0,0.0,200,False,1787940269.2113552
web,5,2,,True,,,0.020362499984912574,0.0,0.0,0.0,0.0,200,False,1787940274.2274096
web,5,3,,True,,,0.03215410001575947,0.0,0.0,0.0,0.0,200,False,1787940279.2502735
web,5,4,,True,,,0.004158700001426041,0.0,0.0,0.0,0.0,200,False,1787940284.2833567
web,5,5,,True,,,0.03133950004121289,0.0,0.0,0.0,0.0,200,False,1787940289.2878327
web,5,6,,True,,,0.0027724000392481685,0.0,0.0,0.0,0.0,200,False,1787940294.3196504
web,5,7,,True,,,0.025752399989869446,0.0,0.0,0.0,0.0,200,False,1787940299.3225894
web,5,8,,True,,,0.013208299991674721,0.0,0.0,0.0,0.0,200,False,1787940304.3487284
web,5,9,,True,,,0.01561760000186041,0.0,0.0,0.0,0.0,200,False,1787940309.362473
web,6,0,,True,,,0.697386700019706,0.0,0.0,0.0,0.0,200,False,1787940263.513775
web,6,1,,True,,,0.031176499964203686,0.0,0.0,0.0,0.0,200,False,1787940269.2120693
web,6,2,,True,,,0.01647249999223277,0.0,0.0,0.0,0.0,200,False,1787940274.24482
web,6,3,,True,,,0.018401799956336617,0.0,0.0,0.0,0.0,200,False,1787940279.2624528
web,6,4,,True,,,0.007893199974205345,0.0,0.0,0.0,0.0,200,False,1787940284.2823496
web,6,5,,True,,,0.028312900045420974,0.0,0.0,0.0,0.0,200,False,1787940289.2903929
web,6,6,,True,,,0.027311299985740334,0.0,0.0,0.0,0.0,200,False,1787940294.3194776
web,6,7,,True,,,0.01718060002895072,0.0,0.0,0.0,0.0,200,False,1787940299.3470037
web,6,8,,True,,,0.014654900005552918,0.0,0.0,0.0,0.0,200,False,1787940304.3644547
web,6,9,,True,,,0.0029746000072918832,0.0,0.0,0.0,0.0,200,False,1787940309.3797421
web,7,0,,True,,,0.844610299973283,0.0,0.0,0.0,0.0,200,False,1787940263.514157
web,7,1,,True,,,0.028233899967744946,0.0,0.0,0.0,0.0,200,False,1787940269.3598027
web,7,2,,True,,,0.010117399971932173,0.0,0.0,0.0,0.0,200,False,1787940274.388755
web,7,3,,True,,,0.0019490999984554946,0.0,0.0,0.0,0.0,200,False,1787940279.3992908
web,7,4,,True,,,0.0015235000173561275,0.0,0.0,0.0,0.0,200,False,1787940284.4014893
web,7,5,,True,,,0.020765800029039383,0.0,0.0,0.0,0.0,200,False,1787940289.4036176
web,7,6,,True,,,0.018268499989062548,0.0,0.0,0.0,0.0,200,False,1787940294.4247572
web,7,7,,True,,,0.005247600027360022,0.0,0.0,0.0,0.0,200,False,1787940299.4444304
web,7,8,,True,,,0.0077553000301122665,0.0,0.0,0.0,0.0,200,False,1787940304.4514308
web,7,9,,True,,,0.03179179999278858,0.0,0.0,0.0,0.0,200,False,1787940309.4595292
web,8,0,,True,,,0.8248710000189021,0.0,0.0,0.0,0.0,200,False,1787940263.5139546
web,8,1,,True,,,0.008188000007066876,0.0,0.0,0.0,0.0,200,False,1787940269.3391676
web,8,2,,True,,,0.003691099991556257,0.0,0.0,0.0,0.0,200,False,1787940274.3477092
web,8,3,,True,,,0.021595099999103695,0.0,0.0,0.0,0.0,200,False,1787940279.3519766
web,8,4,,True,,,0.022468999959528446,0.0,0.0,0.0,0.0,200,False,1787940284.373789
web,8,5,,True,,,0.027918900013901293,0.0,0.0,0.0,0.0,200,False,1787940289.3966143
web,8,6,,True,,,0.020335300010629,0.0,0.0,0.0,0.0,200,False,1787940294.42525
web,8,7,,True,,,0.02976999996462837,0.0,0.0,0.0,0.0,200,False,1787940299.446006
web,8,8,,True,,,0.032265399990137666,0.0,0.0,0.0,0.0,200,False,1787940304.4766202
web,8,9,,True,,,0.0053115999908186495,0.0,0.0,0.0,0.0,200,False,1787940309.5091248
web,9,0,,True,,,0.8814192999852821,0.0,0.0,0.0,0.0,200,False,1787940263.5140207
web,9,1,,True,,,0.026446299976669252,0.0,0.0,0.0,0.0,200,False,1787940269.3956008
web,9,2,,True,,,0.030086599988862872,0.0,0.0,0.0,0.0,200,False,1787940274.422231
web,9,3,,True,,,0.0067554000415839255,0.0,0.0,0.0,0.0,200,False,1787940279.4524703
web,9,4,,True,,,0.005243299994617701,0.0,0.0,0.0,0.0,200,False,1787940284.4597714
web,9,5,,True,,,0.018011100008152425,0.0,0.0,0.0,0.0,200,False,1787940289.4654126
web,9,6,,True,,,0.006952099967747927,0.0,0.0,0.0,0.0,200,False,1787940294.4837923
web,9,7,,True,,,0.013153099978808314,0.0,0.0,0.0,0.0,200,False,1787940299.4918132
web,9,8,,True,,,0.01565899996785447,0.0,0.0,0.0,0.0,200,False,1787940304.505366
web,9,9,,True,,,0.005772200005594641,0.0,0.0,0.0,0.0,200,False,1787940309.52118
web,10,0,,True,,,0.8420121999806724,0.0,0.0,0.0,0.0,200,False,1787940263.5140471
web,10,1,,True,,,0.008354499994311482,0.0,0.0,0.0,0.0,200,False,1787940269.3570397
web,10,2,,True,,,0.02543909999076277,0.0,0.0,0.0,0.0,200,False,1787940274.3658085
web,10,3,,True,,,0.034541300032287836,0.0,0.0,0.0,0.0,200,False,1787940279.3917747
web,10,4,,True,,,0.008644299989100546,0.0,0.0,0.0,0.0,200,False,1787940284.4265804
web,10,5,,True,,,0.024498599988874048,0.0,0.0,0.0,0.0,200,False,1787940289.4353127
web,10,6,,True,,,0.007047599996440113,0.0,0.0,0.0,0.0,200,False,1787940294.459921
web,10,7,,True,,,0.0050817999872379005,0.0,0.0,0.0,0.0,200,False,1787940299.4672434
web,10,8,,True,,,0.015944399987347424,0.0,0.0,0.0,0.0,200,False,1787940304.472641
web,10,9,,True,,,0.011753699975088239,0.0,0.0,0.0,0.0,200,False,1787940309.4890826
web,11,0,,True,,,0.6294165999861434,0.0,0.0,0.0,0.0,200,False,1787940263.7090123
web,11,1,,True,,,0.03803080000216141,0.0,0.0,0.0,0.0,200,False,1787940269.3389804
web,11,2,,True,,,0.032520500011742115,0.0,0.0,0.0,0.0,200,False,1787940274.3773131
web,11,3,,True,,,0.008334900019690394,0.0,0.0,0.0,0.0,200,False,1787940279.4103706
web,11,4,,True,,,0.014931400015484542,0.0,0.0,0.0,0.0,200,False,1787940284.4187672
web,11,5,,True,,,0.025442600017413497,0.0,0.0,0.0,0.0,200,False,1787940289.4337568
web,11,6,,True,,,0.005630199972074479,0.0,0.0,0.0,0.0,200,False,1787940294.4593737
web,11,7,,True,,,0.029400700004771352,0.0,0.0,0.0,0.0,200,False,1787940299.4652045
web,11,8,,True,,,0.022547700034920126,0.0,0.0,0.0,0.0,200,False,1787940304.4953816
web,11,9,,True,,,0.020952399994712323,0.0,0.0,0.0,0.0,200,False,1787940309.5183842
web,12,0,,True,,,0.4896180999930948,0.0,0.0,0.0,0.0,200,False,1787940263.85037
web,12,1,,True,,,0.004303499998059124,0.0,0.0,0.0,0.0,200,False,1787940269.3403575
web,12,2,,True,,,0.004029700008686632,0.0,0.0,0.0,0.0,200,False,1787940274.3453095
web,12,3,,True,,,0.02324629999930039,0.0,0.0,0.0,0.0,200,False,1787940279.349724
web,12,4,,True,,,0.0040969999972730875,0.0,0.0,0.0,0.0,200,False,1787940284.3733299
web,12,5,,True,,,0.015760999987833202,0.0,0.0,0.0,0.0,200,False,1787940289.3791265
web,12,6,,True,,,0.004802100011147559,0.0,0.0,0.0,0.0,200,False,1787940294.396075
web,12,7,,True,,,0.02530579996528104,0.0,0.0,0.0,0.0,200,False,1787940299.4020224
web,12,8,,True,,,0.002292499993927777,0.0,0.0,0.0,0.0,200,False,1787940304.4277413
web,12,9,,True,,,0.02664929995080456,0.0,0.0,0.0,0.0,200,False,1787940309.4301207
web,13,0,,True,,,0.7454272999893874,0.0,0.0,0.0,0.0,200,False,1787940263.513903
web,13,1,,True,,,0.02779759996337816,0.0,0.0,0.0,0.0,200,False,1787940269.2601044
web,13,2,,True,,,0.020678200002294034,0.0,0.0,0.0,0.0,200,False,1787940274.28857
web,13,3,,True,,,0.015483399969525635,0.0,0.0,0.0,0.0,200,False,1787940279.3097873
web,13,4,,True,,,0.023050400021020323,0.0,0.0,0.0,0.0,200,False,1787940284.3257987
web,13,5,,True,,,0.027488799998536706,0.0,0.0,0.0,0.0,200,False,1787940289.3499484
web,13,6,,True,,,0.01434039999730885,0.0,0.0,0.0,0.0,200,False,1787940294.3780546
web,13,7,,True,,,0.017863099987152964,0.0,0.0,0.0,0.0,200,False,1787940299.3930848
web,13,8,,True,,,0.014346999989356846,0.0,0.0,0.0,0.0,200,False,1787940304.4113252
web,13,9,,True,,,0.029409100010525435,0.0,0.0,0.0,0.0,200,False,1787940309.4271436
web,14,0,,True,,,0.8444668000447564,0.0,0.0,0.0,0.0,200,False,1787940263.514274
web,14,1,,True,,,0.029063499998301268,0.0,0.0,0.0,0.0,200,False,1787940269.3595304
web,14,2,,True,,,0.011677400034386665,0.0,0.0,0.0,0.0,200,False,1787940274.3889122
web,14,3,,True,,,0.005835199961438775,0.0,0.0,0.0,0.0,200,False,1787940279.4014502
web,14,4,,True,,,0.021427900006528944,0.0,0.0,0.0,0.0,200,False,1787940284.4079256
web,14,5,,True,,,0.0023118999670259655,0.0,0.0,0.0,0.0,200,False,1787940289.429612
web,14,6,,True,,,0.024020199954975396,0.0,0.0,0.0,0.0,200,False,1787940294.4330826
web,14,7,,True,,,0.004070499970111996,0.0,0.0,0.0,0.0,200,False,1787940299.4576166
web,14,8,,True,,,0.007560300000477582,0.0,0.0,0.0,0.0,200,False,1787940304.4617662
web,14,9,,True,,,0.025399799982551485,0.0,0.0,0.0,0.0,200,False,1787940309.4698014
web,15,0,,True,,,0.8781055999570526,0.0,0.0,0.0,0.0,200,False,1787940263.5143278
web,15,1,,True,,,0.01161430001957342,0.0,0.0,0.0,0.0,200,False,1787940269.3928866
web,15,2,,True,,,0.009509900002740324,0.0,0.0,0.0,0.0,200,False,1787940274.4046912
web,15,3,,True,,,0.012298299989197403,0.0,0.0,0.0,0.0,200,False,1787940279.4147558
web,15,4,,True,,,0.008249000005889684,0.0,0.0,0.0,0.0,200,False,1787940284.4276037
web,15,5,,True,,,0.020873899979051203,0.0,0.0,0.0,0.0,200,False,1787940289.4369938
web,15,6,,True,,,0.004900600004475564,0.0,0.0,0.0,0.0,200,False,1787940294.4584548
web,15,7,,True,,,0.03098189999582246,0.0,0.0,0.0,0.0,200,False,1787940299.463685
web,15,8,,True,,,0.028528800001367927,0.0,0.0,0.0,0.0,200,False,1787940304.4955456
web,15,9,,True,,,0.003302199998870492,0.0,0.0,0.0,0.0,200,False,1787940309.524269
web,16,0,,True,,,0.8443123000324704,0.0,0.0,0.0,0.0,200,False,1787940263.5142214
web,16,1,,True,,,0.022531300026457757,0.0,0.0,0.0,0.0,200,False,1787940269.359034
web,16,2,,True,,,0.027940600004512817,0.0,0.0,0.0,0.0,200,False,1787940274.3819191
web,16,3,,True,,,0.006485999969299883,0.0,0.0,0.0,0.0,200,False,1787940279.4102237
web,16,4,,True,,,0.027028199983760715,0.0,0.0,0.0,0.0,200,False,1787940284.4172595
web,16,5,,True,,,0.0052288000006228685,0.0,0.0,0.0,0.0,200,False,1787940289.4445689
web,16,6,,True,,,0.006062400003429502,0.0,0.0,0.0,0.0,200,False,1787940294.4499836
web,16,7,,True,,,0.004381999955512583,0.0,0.0,0.0,0.0,200,False,1787940299.4565804
web,16,8,,True,,,0.009090500010643154,0.0,0.0,0.0,0.0,200,False,1787940304.4612696
web,16,9,,True,,,0.02157049998641014,0.0,0.0,0.0,0.0,200,False,1787940309.4708
web,17,0,,True,,,0.5719038000097498,0.0,0.0,0.0,0.0,200,False,1787940263.8213918
web,17,1,,True,,,0.01837670005625114,0.0,0.0,0.0,0.0,200,False,1787940269.3941886
web,17,2,,True,,,0.022589000000152737,0.0,0.0,0.0,0.0,200,False,1787940274.4127634
web,17,3,,True,,,0.01294609997421503,0.0,0.0,0.0,0.0,200,False,1787940279.4356098
web,17,4,,True,,,0.02766879997216165,0.0,0.0,0.0,0.0,200,False,1787940284.448965
web,17,5,,True,,,0.004475699970498681,0.0,0.0,0.0,0.0,200,False,1787940289.4770954
web,17,6,,True,,,0.02215409994823858,0.0,0.0,0.0,0.0,200,False,1787940294.4818149
web,17,7,,True,,,0.019572599965613335,0.0,0.0,0.0,0.0,200,False,1787940299.5050023
web,17,8,,True,,,0.023580800043419003,0.0,0.0,0.0,0.0,200,False,1787940304.5251114
web,17,9,,True,,,0.00912520004203543,0.0,0.0,0.0,0.0,200,False,1787940309.5494835
web,18,0,,True,,,0.4220474999747239,0.0,0.0,0.0,0.0,200,False,1787940263.8218584
web,18,1,,True,,,0.007698900008108467,0.0,0.0,0.0,0.0,200,False,1787940269.244333
web,18,2,,True,,,0.026091500010807067,0.0,0.0,0.0,0.0,200,False,1787940274.253677
web,18,3,,True,,,0.030147199984639883,0.0,0.0,0.0,0.0,200,False,1787940279.280362
web,18,4,,True,,,0.005005699989851564,0.0,0.0,0.0,0.0,200,False,1787940284.3114145
web,18,5,,True,,,0.014854000008199364,0.0,0.0,0.0,0.0,200,False,1787940289.316954
web,18,6,,True,,,0.030406599980778992,0.0,0.0,0.0,0.0,200,False,1787940294.3325694
web,18,7,,True,,,0.01567529997555539,0.0,0.0,0.0,0.0,200,False,1787940299.363585
web,18,8,,True,,,0.0037364999880082905,0.0,0.0,0.0,0.0,200,False,1787940304.3793638
web,18,9,,True,,,0.025085899978876114,0.0,0.0,0.0,0.0,200,False,1787940309.3835795
web,19,0,,True,,,0.8233316999976523,0.0,0.0,0.0,0.0,200,False,1787940263.5145402
web,19,1,,True,,,0.03836910001700744,0.0,0.0,0.0,0.0,200,False,1787940269.3380914
web,19,2,,True,,,0.004150099994149059,0.0,0.0,0.0,0.0,200,False,1787940274.3767464
web,19,3,,True,,,0.02557430003071204,0.0,0.0,0.0,0.0,200,False,1787940279.3813374
web,19,4,,True,,,0.020709400007035583,0.0,0.0,0.0,0.0,200,False,1787940284.407319
web,19,5,,True,,,0.003012400004081428,0.0,0.0,0.0,0.0,200,False,1787940289.4283812
web,19,6,,True,,,0.024179400003049523,0.0,0.0,0.0,0.0,200,False,1787940294.4325569
web,19,7,,True,,,0.01896469999337569,0.0,0.0,0.0,0.0,200,False,1787940299.4571917
web,19,8,,True,,,0.0026017999625764787,0.0,0.0,0.0,0.0,200,False,1787940304.4769764
web,19,9,,True,,,0.011697299953084439,0.0,0.0,0.0,0.0,200,False,1787940309.4799008
web,20,0,,True,,,0.8442362999776378,0.0,0.0,0.0,0.0,200,False,1787940263.514376
web,20,1,,True,,,0.019915100012440234,0.0,0.0,0.0,0.0,200,False,1787940269.3591065
web,20,2,,True,,,0.004031900025438517,0.0,0.0,0.0,0.0,200,False,1787940274.3793163
web,20,3,,True,,,0.02192800003103912,0.0,0.0,0.0,0.0,200,False,1787940279.3834364
web,20,4,,True,,,0.008974900003522635,0.0,0.0,0.0,0.0,200,False,1787940284.405778
web,20,5,,True,,,0.02818630001274869,0.0,0.0,0.0,0.0,200,False,1787940289.4151692
web,20,6,,True,,,0.02974039997207001,0.0,0.0,0.0,0.0,200,False,1787940294.443945
web,20,7,,True,,,0.02086089999647811,0.0,0.0,0.0,0.0,200,False,1787940299.4740503
web,20,8,,True,,,0.008694500022102147,0.0,0.0,0.0,0.0,200,False,1787940304.4957266
web,20,9,,True,,,0.0020631999941542745,0.0,0.0,0.0,0.0,200,False,1787940309.504677
web,21,0,,True,,,0.4409728000173345,0.0,0.0,0.0,0.0,200,False,1787940263.710164
web,21,1,,True,,,0.027209299965761602,0.0,0.0,0.0,0.0,200,False,1787940269.1515565
web,21,2,,True,,,0.021508799982257187,0.0,0.0,0.0,0.0,200,False,1787940274.1793215
web,21,3,,True,,,0.014005300006829202,0.0,0.0,0.0,0.0,200,False,1787940279.2017148
web,21,4,,True,,,0.023086800007149577,0.0,0.0,0.0,0.0,200,False,1787940284.216171
web,21,5,,True,,,0.029159000026993454,0.0,0.0,0.0,0.0,200,False,1787940289.239824
web,21,6,,True,,,0.02799329999834299,0.0,0.0,0.0,0.0,200,False,1787940294.2693422
web,21,7,,True,,,0.018688099982682616,0.0,0.0,0.0,0.0,200,False,1787940299.2979674
web,21,8,,True,,,0.003864700032863766,0.0,0.0,0.0,0.0,200,False,1787940304.317469
web,21,9,,True,,,0.02446869999403134,0.0,0.0,0.0,0.0,200,False,1787940309.3217118
web,22,0,,True,,,0.8440726000117138,0.0,0.0,0.0,0.0,200,False,1787940263.5147169
web,22,1,,True,,,0.027690500020980835,0.0,0.0,0.0,0.0,200,False,1787940269.3592653
web,22,2,,True,,,0.010460900026373565,0.0,0.0,0.0,0.0,200,False,1787940274.3873162
web,22,3,,True,,,0.02805590000934899,0.0,0.0,0.0,0.0,200,False,1787940279.3984926
web,22,4,,True,,,0.00852820003638044,0.0,0.0,0.0,0.0,200,False,1787940284.4271033
web,22,5,,True,,,0.024146799987647682,0.0,0.0,0.0,0.0,200,False,1787940289.4358673
web,22,6,,True,,,0.012642099987715483,0.0,0.0,0.0,0.0,200,False,1787940294.4606075
web,22,7,,True,,,0.006745900027453899,0.0,0.0,0.0,0.0,200,False,1787940299.4734292
web,22,8,,True,,,0.002417699957732111,0.0,0.0,0.0,0.0,200,False,1787940304.4807003
web,22,9,,True,,,0.011015500000212342,0.0,0.0,0.0,0.0,200,False,1787940309.484006
web,23,0,,True,,,0.904815600020811,0.0,0.0,0.0,0.0,200,False,1787940263.5144458
web,23,1,,True,,,0.00795480003580451,0.0,0.0,0.0,0.0,200,False,1787940269.4194703
web,23,2,,True,,,0.007831400027498603,0.0,0.0,0.0,0.0,200,False,1787940274.4275637
web,23,3,,True,,,0.012194900016766042,0.0,0.0,0.0,0.0,200,False,1787940279.435698
web,23,4,,True,,,0.0023087000008672476,0.0,0.0,0.0,0.0,200,False,1787940284.448526
web,23,5,,True,,,0.007609199965372682,0.0,0.0,0.0,0.0,200,False,1787940289.4511535
web,23,6,,True,,,0.03117460000794381,0.0,0.0,0.0,0.0,200,False,1787940294.4588187
web,23,7,,True,,,0.009592799993697554,0.0,0.0,0.0,0.0,200,False,1787940299.4901698
web,23,8,,True,,,0.013012800016440451,0.0,0.0,0.0,0.0,200,False,1787940304.5006306
web,23,9,,True,,,0.008282999973744154,0.0,0.0,0.0,0.0,200,False,1787940309.5141711
web,24,0,,True,,,0.8818333999952301,0.0,0.0,0.0,0.0,200,False,1787940263.5144768
web,24,1,,True,,,0.028941399999894202,0.0,0.0,0.0,0.0,200,False,1787940269.3968353
web,24,2,,True,,,0.02674299996579066,0.0,0.0,0.0,0.0,200,False,1787940274.4265072
web,24,3,,True,,,0.005428200005553663,0.0,0.0,0.0,0.0,200,False,1787940279.4538257
web,24,4,,True,,,0.028729400015436113,0.0,0.0,0.0,0.0,200,False,1787940284.4596639
web,24,5,,True,,,0.003015300026163459,0.0,0.0,0.0,0.0,200,False,1787940289.4890184
web,24,6,,True,,,0.0031086999806575477,0.0,0.0,0.0,0.0,200,False,1787940294.4926116
web,24,7,,True,,,0.027989600028377026,0.0,0.0,0.0,0.0,200,False,1787940299.4962273
web,24,8,,True,,,0.02398880000691861,0.0,0.0,0.0,0.0,200,False,1787940304.5246706
web,24,9,,True,,,0.010295099986251444,0.0,0.0,0.0,0.0,200,False,1787940309.549042
web,25,0,,True,,,0.6191853000200354,0.0,0.0,0.0,0.0,200,False,1787940263.774695
web,25,1,,True,,,0.024435099971015006,0.0,0.0,0.0,0.0,200,False,1787940269.3943012
web,25,2,,True,,,0.016527499945368618,0.0,0.0,0.0,0.0,200,False,1787940274.419163
web,25,3,,True,,,0.02122519997647032,0.0,0.0,0.0,0.0,200,False,1787940279.4367197
web,25,4,,True,,,0.005820200021844357,0.0,0.0,0.0,0.0,200,False,1787940284.4582088
web,25,5,,True,,,0.008108599984552711,0.0,0.0,0.0,0.0,200,False,1787940289.4643095
web,25,6,,True,,,0.00914460001513362,0.0,0.0,0.0,0.0,200,False,1787940294.4728293
web,25,7,,True,,,0.006152499991003424,0.0,0.0,0.0,0.0,200,False,1787940299.4823442
web,25,8,,True,,,0.0027071000076830387,0.0,0.0,0.0,0.0,200,False,1787940304.4886098
web,25,9,,True,,,0.030390199972316623,0.0,0.0,0.0,0.0,200,False,1787940309.4917731
web,26,0,,True,,,0.8411070000147447,0.0,0.0,0.0,0.0,200,False,1787940263.5146012
web,26,1,,True,,,0.010291800019331276,0.0,0.0,0.0,0.0,200,False,1787940269.3560693
web,26,2,,True,,,0.023809900041669607,0.0,0.0,0.0,0.0,200,False,1787940274.3670516
web,26,3,,True,,,0.03637929999968037,0.0,0.0,0.0,0.0,200,False,1787940279.3912144
web,26,4,,True,,,0.00951469998108223,0.0,0.0,0.0,0.0,200,False,1787940284.4283712
web,26,5,,True,,,0.020002699980977923,0.0,0.0,0.0,0.0,200,False,1787940289.4380548
web,26,6,,True,,,0.015815099992323667,0.0,0.0,0.0,0.0,200,False,1787940294.4583087
web,26,7,,True,,,0.02050069998949766,0.0,0.0,0.0,0.0,200,False,1787940299.4744658
web,26,8,,True,,,0.029157200013287365,0.0,0.0,0.0,0.0,200,False,1787940304.4951422
web,26,9,,True,,,0.028442800045013428,0.0,0.0,0.0,0.0,200,False,1787940309.5248063
web,27,0,,True,,,0.8757926999824122,0.0,0.0,0.0,0.0,200,False,1787940263.5147493
web,27,1,,True,,,0.013373099965974689,0.0,0.0,0.0,0.0,200,False,1787940269.3908305
web,27,2,,True,,,0.010647199989762157,0.0,0.0,0.0,0.0,200,False,1787940274.4048717
web,27,3,,True,,,0.012162300001364201,0.0,0.0,0.0,0.0,200,False,1787940279.4158897
web,27,4,,True,,,0.008872899983543903,0.0,0.0,0.0,0.0,200,False,1787940284.4286857
web,27,5,,True,,,0.02057479997165501,0.0,0.0,0.0,0.0,200,False,1787940289.4379725
web,27,6,,True,,,0.006879799999296665,0.0,0.0,0.0,0.0,200,False,1787940294.4592168
web,27,7,,True,,,0.004114600014872849,0.0,0.0,0.0,0.0,200,False,1787940299.4663165
web,27,8,,True,,,0.003042500000447035,0.0,0.0,0.0,0.0,200,False,1787940304.4709709
web,27,9,,True,,,0.018470600014552474,0.0,0.0,0.0,0.0,200,False,1787940309.474332
web,28,0,,True,,,0.37891959998523816,0.0,0.0,0.0,0.0,200,False,1787940263.9614472
web,28,1,,True,,,0.02309049997711554,0.0,0.0,0.0,0.0,200,False,1787940269.3409548
web,28,2,,True,,,0.0264774999814108,0.0,0.0,0.0,0.0,200,False,1787940274.3642273
web,28,3,,True,,,0.034871599986217916,0.0,0.0,0.0,0.0,200,False,1787940279.391406
web,28,4,,True,,,0.007034799957182258,0.0,0.0,0.0,0.0,200,False,1787940284.426825
web,28,5,,True,,,0.02602440002374351,0.0,0.0,0.0,0.0,200,False,1787940289.434327
web,28,6,,True,,,0.005629100021906197,0.0,0.0,0.0,0.0,200,False,1787940294.4604392
web,28,7,,True,,,0.004020499996840954,0.0,0.0,0.0,0.0,200,False,1787940299.4662116
web,28,8,,True,,,0.018112100020516664,0.0,0.0,0.0,0.0,200,False,1787940304.470451
web,28,9,,True,,,0.010349400050472468,0.0,0.0,0.0,0.0,200,False,1787940309.4892194
web,29,0,,True,,,0.5353867000085302,0.0,0.0,0.0,0.0,200,False,1787940263.7089317
web,29,1,,True,,,0.0193792000063695,0.0,0.0,0.0,0.0,200,False,1787940269.2449641
web,29,2,,True,,,0.004086000029928982,0.0,0.0,0.0,0.0,200,False,1787940274.2650363
web,29,3,,True,,,0.0039153999532572925,0.0,0.0,0.0,0.0,200,False,1787940279.2700229
web,29,4,,True,,,0.014032999984920025,0.0,0.0,0.0,0.0,200,False,1787940284.2742097
web,29,5,,True,,,0.004154800029937178,0.0,0.0,0.0,0.0,200,False,1787940289.2883494
web,29,6,,True,,,0.023840000038035214,0.0,0.0,0.0,0.0,200,False,1787940294.2930834
web,29,7,,True,,,0.014941700035706162,0.0,0.0,0.0,0.0,200,False,1787940299.3170311
web,29,8,,True,,,0.018601300020236522,0.0,0.0,0.0,0.0,200,False,1787940304.3325934
web,29,9,,True,,,0.012966400012373924,0.0,0.0,0.0,0.0,200,False,1787940309.3513849
web,30,0,,True,,,0.8055148999555968,0.0,0.0,0.0,0.0,200,False,1787940263.5326962
web,30,1,,True,,,0.03743870003381744,0.0,0.0,0.0,0.0,200,False,1787940269.3386707
web,30,2,,True,,,0.0037214000476524234,0.0,0.0,0.0,0.0,200,False,1787940274.376218
web,30,3,,True,,,0.025451699970290065,0.0,0.0,0.0,0.0,200,False,1787940279.380358
web,30,4,,True,,,0.009219700004905462,0.0,0.0,0.0,0.0,200,False,1787940284.4067912
web,30,5,,True,,,0.02641709998715669,0.0,0.0,0.0,0.0,200,False,1787940289.4161756
web,30,6,,True,,,0.01009280001744628,0.0,0.0,0.0,0.0,200,False,1787940294.442807
web,30,7,,True,,,0.022531799972057343,0.0,0.0,0.0,0.0,200,False,1787940299.4532225
web,30,8,,True,,,0.0032119000097736716,0.0,0.0,0.0,0.0,200,False,1787940304.4764032
web,30,9,,True,,,0.025194999994710088,0.0,0.0,0.0,0.0,200,False,1787940309.4797437
web,31,0,,True,,,0.7780865000095218,0.0,0.0,0.0,0.0,200,False,1787940263.5146384
web,31,1,,True,,,0.025344700028654188,0.0,0.0,0.0,0.0,200,False,1787940269.2929823
web,31,2,,True,,,0.02131139999255538,0.0,0.0,0.0,0.0,200,False,1787940274.3189979
web,31,3,,True,,,0.015829900046810508,0.0,0.0,0.0,0.0,200,False,1787940279.3406005
web,31,4,,True,,,0.021690199966542423,0.0,0.0,0.0,0.0,200,False,1787940284.3569415
web,31,5,,True,,,0.01547980000032112,0.0,0.0,0.0,0.0,200,False,1787940289.3794377
web,31,6,,True,,,0.004965799977071583,0.0,0.0,0.0,0.0,200,False,1787940294.3955438
web,31,7,,True,,,0.024716899963095784,0.0,0.0,0.0,0.0,200,False,1787940299.4023597
web,31,8,,True,,,0.03049600002123043,0.0,0.0,0.0,0.0,200,False,1787940304.4271781
web,31,9,,True,,,0.015176300017628819,0.0,0.0,0.0,0.0,200,False,1787940309.4581003
web,32,0,,True,,,0.8582929000258446,0.0,0.0,0.0,0.0,200,False,1787940263.5146887
web,32,1,,True,,,0.023591200006194413,0.0,0.0,0.0,0.0,200,False,1787940269.3735938
web,32,2,,True,,,0.012988500006031245,0.0,0.0,0.0,0.0,200,False,1787940274.3972878
web,32,3,,True,,,0.0292823999770917,0.0,0.0,0.0,0.0,200,False,1787940279.4106402
web,32,4,,True,,,0.006771799991838634,0.0,0.0,0.0,0.0,200,False,1787940284.440443
web,32,5,,True,,,0.024858200049493462,0.0,0.0,0.0,0.0,200,False,1787940289.4475899
web,32,6,,True,,,0.00948219996644184,0.0,0.0,0.0,0.0,200,False,1787940294.4729073
web,32,7,,True,,,0.021716899995226413,0.0,0.0,0.0,0.0,200,False,1787940299.4830017
web,32,8,,True,,,0.014244500023778528,0.0,0.0,0.0,0.0,200,False,1787940304.5048335
web,32,9,,True,,,0.017275199992582202,0.0,0.0,0.0,0.0,200,False,1787940309.5196595
web,33,0,,True,,,0.8765618000179529,0.0,0.0,0.0,0.0,200,False,1787940263.5147898
web,33,1,,True,,,0.00811029999749735,0.0,0.0,0.0,0.0,200,False,1787940269.391869
web,33,2,,True,,,0.01108379999641329,0.0,0.0,0.0,0.0,200,False,1787940274.4002473
web,33,3,,True,,,0.027826400008052588,0.0,0.0,0.0,0.0,200,False,1787940279.4116373
web,33,4,,True,,,0.017722400021739304,0.0,0.0,0.0,0.0,200,False,1787940284.4402344
web,33,5,,True,,,0.01122759998543188,0.0,0.0,0.0,0.0,200,False,1787940289.4589152
web,33,6,,True,,,0.01942239998606965,0.0,0.0,0.0,0.0,200,False,1787940294.4706037
web,33,7,,True,,,0.009247599984519184,0.0,0.0,0.0,0.0,200,False,1787940299.4916809
web,33,8,,True,,,0.013080900011118501,0.0,0.0,0.0,0.0,200,False,1787940304.5013268
web,33,9,,True,,,0.024574400042183697,0.0,0.0,0.0,0.0,200,False,1787940309.5146792
web,34,0,,True,,,0.8246673000394367,0.0,0.0,0.0,0.0,200,False,1787940263.5334792
web,34,1,,True,,,0.016122000000905246,0.0,0.0,0.0,0.0,200,False,1787940269.3583796
web,34,2,,True,,,0.014371400000527501,0.0,0.0,0.0,0.0,200,False,1787940274.374663
web,34,3,,True,,,0.004138900025282055,0.0,0.0,0.0,0.0,200,False,1787940279.3892522
web,34,4,,True,,,0.004781000025104731,0.0,0.0,0.0,0.0,200,False,1787940284.393628
web,34,5,,True,,,0.025905399990733713,0.0,0.0,0.0,0.0,200,False,1787940289.398637
web,34,6,,True,,,0.003485499997623265,0.0,0.0,0.0,0.0,200,False,1787940294.4248784
web,34,7,,True,,,0.012909000040963292,0.0,0.0,0.0,0.0,200,False,1787940299.428996
web,34,8,,True,,,0.013323199993465096,0.0,0.0,0.0,0.0,200,False,1787940304.442585
web,34,9,,True,,,0.01727870001923293,0.0,0.0,0.0,0.0,200,False,1787940309.456287
web,35,0,,True,,,0.4082695000106469,0.0,0.0,0.0,0.0,200,False,1787940263.6164958
web,35,1,,True,,,0.028058000025339425,0.0,0.0,0.0,0.0,200,False,1787940269.0251913
web,35,2,,True,,,0.022317800030577928,0.0,0.0,0.0,0.0,200,False,1787940274.0536182
web,35,3,,True,,,0.014477899996563792,0.0,0.0,0.0,0.0,200,False,1787940279.0762765
web,35,4,,True,,,0.020046399964485317,0.0,0.0,0.0,0.0,200,False,1787940284.0913413
web,35,5,,True,,,0.018467799993231893,0.0,0.0,0.0,0.0,200,False,1787940289.1115847
web,35,6,,True,,,0.028692100022453815,0.0,0.0,0.0,0.0,200,False,1787940294.130421
web,35,7,,True,,,0.015578499995172024,0.0,0.0,0.0,0.0,200,False,1787940299.160258
web,35,8,,True,,,0.026006200001575053,0.0,0.0,0.0,0.0,200,False,1787940304.176482
web,35,9,,True,,,0.01938100002007559,0.0,0.0,0.0,0.0,200,False,1787940309.2030723
web,36,0,,True,,,0.8748204000294209,0.0,0.0,0.0,0.0,200,False,1787940263.5149183
web,36,1,,True,,,0.014357100008055568,0.0,0.0,0.0,0.0,200,False,1787940269.3903031
web,36,2,,True,,,0.010945999994874,0.0,0.0,0.0,0.0,200,False,1787940274.4051762
web,36,3,,True,,,0.02268940000794828,0.0,0.0,0.0,0.0,200,False,1787940279.4165778
web,36,4,,True,,,0.006728600012138486,0.0,0.0,0.0,0.0,200,False,1787940284.4398887
web,36,5,,True,,,0.0035333000123500824,0.0,0.0,0.0,0.0,200,False,1787940289.4471734
web,36,6,,True,,,0.005826700013130903,0.0,0.0,0.0,0.0,200,False,1787940294.4510531
web,36,7,,True,,,0.003984999959357083,0.0,0.0,0.0,0.0,200,False,1787940299.457323
web,36,8,,True,,,0.008405900036450475,0.0,0.0,0.0,0.0,200,False,1787940304.4618468
web,36,9,,True,,,0.004103599989321083,0.0,0.0,0.0,0.0,200,False,1787940309.4709039
web,37,0,,True,,,0.8578615000005811,0.0,0.0,0.0,0.0,200,False,1787940263.51484
web,37,1,,True,,,0.01783720002276823,0.0,0.0,0.0,0.0,200,False,1787940269.3729286
web,37,2,,True,,,0.03249399998458102,0.0,0.0,0.0,0.0,200,False,1787940274.3909764
web,37,3,,True,,,0.009887599968351424,0.0,0.0,0.0,0.0,200,False,1787940279.423677
web,37,4,,True,,,0.024888799991458654,0.0,0.0,0.0,0.0,200,False,1787940284.4339635
web,37,5,,True,,,0.009629599982872605,0.0,0.0,0.0,0.0,200,False,1787940289.459837
web,37,6,,True,,,0.007583400001749396,0.0,0.0,0.0,0.0,200,False,1787940294.4695284
web,37,7,,True,,,0.003037800022866577,0.0,0.0,0.0,0.0,200,False,1787940299.4773471
web,37,8,,True,,,0.0024855000083334744,0.0,0.0,0.0,0.0,200,False,1787940304.4808009
web,37,9,,True,,,0.011570599977858365,0.0,0.0,0.0,0.0,200,False,1787940309.48357
web,38,0,,True,,,0.8241247999831103,0.0,0.0,0.0,0.0,200,False,1787940263.5321631
web,38,1,,True,,,0.03105440002400428,0.0,0.0,0.0,0.0,200,False,1787940269.35727
web,38,2,,True,,,0.011090899992268533,0.0,0.0,0.0,0.0,200,False,1787940274.388558
web,38,3,,True,,,0.0269117999705486,0.0,0.0,0.0,0.0,200,False,1787940279.399805
web,38,4,,True,,,0.008829600003082305,0.0,0.0,0.0,0.0,200,False,1787940284.4273086
web,38,5,,True,,,0.006990899972151965,0.0,0.0,0.0,0.0,200,False,1787940289.4371855
web,38,6,,True,,,0.030195700004696846,0.0,0.0,0.0,0.0,200,False,1787940294.4444203
web,38,7,,True,,,0.008143700018990785,0.0,0.0,0.0,0.0,200,False,1787940299.474985
web,38,8,,True,,,0.005351300002075732,0.0,0.0,0.0,0.0,200,False,1787940304.4834886
web,38,9,,True,,,0.011555899982340634,0.0,0.0,0.0,0.0,200,False,1787940309.489318
web,39,0,,True,,,0.5039249999681488,0.0,0.0,0.0,0.0,200,False,1787940263.6156595
web,39,1,,True,,,0.013267200032714754,0.0,0.0,0.0,0.0,200,False,1787940269.1199682
web,39,2,,True,,,0.02036790002603084,0.0,0.0,0.0,0.0,200,False,1787940274.1338346
web,39,3,,True,,,0.003347399993799627,0.0,0.0,0.0,0.0,200,False,1787940279.1549706
web,39,4,,True,,,0.018590700055938214,0.0,0.0,0.0,0.0,200,False,1787940284.1587265
web,39,5,,True,,,0.004890099982731044,0.0,0.0,0.0,0.0,200,False,1787940289.1782274
web,39,6,,True,,,0.00502119999146089,0.0,0.0,0.0,0.0,200,False,1787940294.1834452
web,39,7,,True,,,0.018649999983608723,0.0,0.0,0.0,0.0,200,False,1787940299.1895802
web,39,8,,True,,,0.027096299978438765,0.0,0.0,0.0,0.0,200,False,1787940304.2086344
web,39,9,,True,,,0.017415300011634827,0.0,0.0,0.0,0.0,200,False,1787940309.2361128
web,40,0,,True,,,0.8792422999977134,0.0,0.0,0.0,0.0,200,False,1787940263.51487
web,40,1,,True,,,0.02727349998895079,0.0,0.0,0.0,0.0,200,False,1787940269.395382
web,40,2,,True,,,0.00525669998023659,0.0,0.0,0.0,0.0,200,False,1787940274.4227672
web,40,3,,True,,,0.01917649997631088,0.0,0.0,0.0,0.0,200,False,1787940279.4281693
web,40,4,,True,,,0.02925449999747798,0.0,0.0,0.0,0.0,200,False,1787940284.4474385
web,40,5,,True,,,0.003932800027541816,0.0,0.0,0.0,0.0,200,False,1787940289.4768114
web,40,6,,True,,,0.0063455000054091215,0.0,0.0,0.0,0.0,200,False,1787940294.4812393
web,40,7,,True,,,0.016557900002226233,0.0,0.0,0.0,0.0,200,False,1787940299.4881332
web,40,8,,True,,,0.016082199988886714,0.0,0.0,0.0,0.0,200,False,1787940304.5051181
web,40,9,,True,,,0.03259060002164915,0.0,0.0,0.0,0.0,200,False,1787940309.522041
web,41,0,,True,,,0.23749309999402612,0.0,0.0,0.0,0.0,200,False,1787940264.1198742
web,41,1,,True,,,0.0199319000239484,0.0,0.0,0.0,0.0,200,False,1787940269.3582628
web,41,2,,True,,,0.031158900004811585,0.0,0.0,0.0,0.0,200,False,1787940274.3782814
web,41,3,,True,,,0.006183999998029321,0.0,0.0,0.0,0.0,200,False,1787940279.4096086
web,41,4,,True,,,0.004298600018955767,0.0,0.0,0.0,0.0,200,False,1787940284.4162693
web,41,5,,True,,,0.019747600017581135,0.0,0.0,0.0,0.0,200,False,1787940289.4212253
web,41,6,,True,,,0.009208899980876595,0.0,0.0,0.0,0.0,200,False,1787940294.4412284
web,41,7,,True,,,0.004870600008871406,0.0,0.0,0.0,0.0,200,False,1787940299.450633
web,41,8,,True,,,0.00725389999570325,0.0,0.0,0.0,0.0,200,False,1787940304.456192
web,41,9,,True,,,0.02850040001794696,0.0,0.0,0.0,0.0,200,False,1787940309.4637778
web,42,0,,True,,,0.5026434999890625,0.0,0.0,0.0,0.0,200,False,1787940263.7082677
web,42,1,,True,,,0.01469299994641915,0.0,0.0,0.0,0.0,200,False,1787940269.2118366
web,42,2,,True,,,0.021269700024276972,0.0,0.0,0.0,0.0,200,False,1787940274.2269747
web,42,3,,True,,,0.0052408999763429165,0.0,0.0,0.0,0.0,200,False,1787940279.2494197
web,42,4,,True,,,0.015415199974086136,0.0,0.0,0.0,0.0,200,False,1787940284.2552102
web,42,5,,True,,,0.027856400003656745,0.0,0.0,0.0,0.0,200,False,1787940289.2711542
web,42,6,,True,,,0.0174002000130713,0.0,0.0,0.0,0.0,200,False,1787940294.299374
web,42,7,,True,,,0.002990800014231354,0.0,0.0,0.0,0.0,200,False,1787940299.3173454
web,42,8,,True,,,0.025852999999187887,0.0,0.0,0.0,0.0,200,False,1787940304.3207428
web,42,9,,True,,,0.0035870999563485384,0.0,0.0,0.0,0.0,200,False,1787940309.3470912
web,43,0,,True,,,0.8586961000110023,0.0,0.0,0.0,0.0,200,False,1787940263.5346944
web,43,1,,True,,,0.02528790000360459,0.0,0.0,0.0,0.0,200,False,1787940269.394477
web,43,2,,True,,,0.007263400009833276,0.0,0.0,0.0,0.0,200,False,1787940274.4201686
web,43,3,,True,,,0.025273500010371208,0.0,0.0,0.0,0.0,200,False,1787940279.427655
web,43,4,,True,,,0.022607600025366992,0.0,0.0,0.0,0.0,200,False,1787940284.4530942
web,43,5,,True,,,0.025494600005913526,0.0,0.0,0.0,0.0,200,False,1787940289.475786
web,43,6,,True,,,0.005885499995201826,0.0,0.0,0.0,0.0,200,False,1787940294.5017538
web,43,7,,True,,,0.0028172999736852944,0.0,0.0,0.0,0.0,200,False,1787940299.5079575
web,43,8,,True,,,0.02333080000244081,0.0,0.0,0.0,0.0,200,False,1787940304.5108957
web,43,9,,True,,,0.007286999956704676,0.0,0.0,0.0,0.0,200,False,1787940309.534581
web,44,0,,True,,,0.8262422999832779,0.0,0.0,0.0,0.0,200,False,1787940263.5149913
web,44,1,,True,,,0.022287100029643625,0.0,0.0,0.0,0.0,200,False,1787940269.3415713
web,44,2,,True,,,0.02495160000398755,0.0,0.0,0.0,0.0,200,False,1787940274.3643403
web,44,3,,True,,,0.015877700003329664,0.0,0.0,0.0,0.0,200,False,1787940279.38972
web,44,4,,True,,,0.02185800002189353,0.0,0.0,0.0,0.0,200,False,1787940284.4065812
web,44,5,,True,,,0.03098749998025596,0.0,0.0,0.0,0.0,200,False,1787940289.428922
web,44,6,,True,,,0.005725700000766665,0.0,0.0,0.0,0.0,200,False,1787940294.4605165
web,44,7,,True,,,0.02766169997630641,0.0,0.0,0.0,0.0,200,False,1787940299.4669125
web,44,8,,True,,,0.01732729998184368,0.0,0.0,0.0,0.0,200,False,1787940304.495883
web,44,9,,True,,,0.008743299986235797,0.0,0.0,0.0,0.0,200,False,1787940309.5136716
web,45,0,,True,,,0.711821700038854,0.0,0.0,0.0,0.0,200,False,1787940263.515032
web,45,1,,True,,,0.016807899984996766,0.0,0.0,0.0,0.0,200,False,1787940269.227135
web,45,2,,True,,,0.004128400003537536,0.0,0.0,0.0,0.0,200,False,1787940274.2445965
web,45,3,,True,,,0.004680700018070638,0.0,0.0,0.0,0.0,200,False,1787940279.2499697
web,45,4,,True,,,0.014894800027832389,0.0,0.0,0.0,0.0,200,False,1787940284.2556958
web,45,5,,True,,,0.020835399976931512,0.0,0.0,0.0,0.0,200,False,1787940289.2714086
web,45,6,,True,,,0.003574000031221658,0.0,0.0,0.0,0.0,200,False,1787940294.2926683
web,45,7,,True,,,0.01993519999086857,0.0,0.0,0.0,0.0,200,False,1787940299.2967908
web,45,8,,True,,,0.028626700048334897,0.0,0.0,0.0,0.0,200,False,1787940304.3181894
web,45,9,,True,,,0.01545920001808554,0.0,0.0,0.0,0.0,200,False,1787940309.347384
web,46,0,,True,,,0.8242411999963224,0.0,0.0,0.0,0.0,200,False,1787940263.5330431
web,46,1,,True,,,0.01863569999113679,0.0,0.0,0.0,0.0,200,False,1787940269.358027
web,46,2,,True,,,0.0048260000185109675,0.0,0.0,0.0,0.0,200,False,1787940274.376991
web,46,3,,True,,,0.002467700047418475,0.0,0.0,0.0,0.0,200,False,1787940279.3825698
web,46,4,,True,,,0.028016099997330457,0.0,0.0,0.0,0.0,200,False,1787940284.3854897
web,46,5,,True,,,0.02702869998756796,0.0,0.0,0.0,0.0,200,False,1787940289.4143264
web,46,6,,True,,,0.0096481999498792,0.0,0.0,0.0,0.0,200,False,1787940294.44185
web,46,7,,True,,,0.00406700000166893,0.0,0.0,0.0,0.0,200,False,1787940299.4516332
web,46,8,,True,,,0.006823900039307773,0.0,0.0,0.0,0.0,200,False,1787940304.4560785
web,46,9,,True,,,0.028664300043601543,0.0,0.0,0.0,0.0,200,False,1787940309.463248
web,47,0,,True,,,0.4108169000246562,0.0,0.0,0.0,0.0,200,False,1787940263.7088406
web,47,1,,True,,,0.004016900027636439,0.0,0.0,0.0,0.0,200,False,1787940269.120133
web,47,2,,True,,,0.029882200004067272,0.0,0.0,0.0,0.0,200,False,1787940274.124664
web,47,3,,True,,,0.03167110000504181,0.0,0.0,0.0,0.0,200,False,1787940279.1554127
web,47,4,,True,,,0.021267799951601774,0.0,0.0,0.0,0.0,200,False,1787940284.1876905
web,47,5,,True,,,0.004042800050228834,0.0,0.0,0.0,0.0,200,False,1787940289.2103822
web,47,6,,True,,,0.022393500024918467,0.0,0.0,0.0,0.0,200,False,1787940294.214536
web,47,7,,True,,,0.018239199998788536,0.0,0.0,0.0,0.0,200,False,1787940299.2375772
web,47,8,,True,,,0.004407600034028292,0.0,0.0,0.0,0.0,200,False,1787940304.2566962
web,47,9,,True,,,0.009144900017417967,0.0,0.0,0.0,0.0,200,False,1787940309.2616098
web,48,0,,True,,,0.8062569000176154,0.0,0.0,0.0,0.0,200,False,1787940263.532743
web,48,1,,True,,,0.03766969998832792,0.0,0.0,0.0,0.0,200,False,1787940269.3393645
web,48,2,,True,,,0.00466710003092885,0.0,0.0,0.0,0.0,200,False,1787940274.3774405
web,48,3,,True,,,0.02320910000707954,0.0,0.0,0.0,0.0,200,False,1787940279.382416
web,48,4,,True,,,0.00875779998023063,0.0,0.0,0.0,0.0,200,False,1787940284.4060178
web,48,5,,True,,,0.026246200024615973,0.0,0.0,0.0,0.0,200,False,1787940289.4154038
web,48,6,,True,,,0.01023489999352023,0.0,0.0,0.0,0.0,200,False,1787940294.4417148
web,48,7,,True,,,0.005298800009768456,0.0,0.0,0.0,0.0,200,False,1787940299.4521444
web,48,8,,True,,,0.008946200017817318,0.0,0.0,0.0,0.0,200,False,1787940304.458057
web,48,9,,True,,,0.026764800015371293,0.0,0.0,0.0,0.0,200,False,1787940309.4678123
web,49,0,,True,,,0.858479900052771,0.0,0.0,0.0,0.0,200,False,1787940263.533321
web,49,1,,True,,,0.013872000039555132,0.0,0.0,0.0,0.0,200,False,1787940269.392569
web,49,2,,True,,,0.028071500011719763,0.0,0.0,0.0,0.0,200,False,1787940274.4067392
web,49,3,,True,,,0.013327900029253215,0.0,0.0,0.0,0.0,200,False,1787940279.4349666
web,49,4,,True,,,0.027025700022932142,0.0,0.0,0.0,0.0,200,False,1787940284.4484363
web,49,5,,True,,,0.025312900019343942,0.0,0.0,0.0,0.0,200,False,1787940289.4759328
web,49,6,,True,,,0.01639080001041293,0.0,0.0,0.0,0.0,200,False,1787940294.5018823
web,49,7,,True,,,0.00680060003651306,0.0,0.0,0.0,0.0,200,False,1787940299.5203583
web,49,8,,True,,,0.021005099988542497,0.0,0.0,0.0,0.0,200,False,1787940304.5277295
web,49,9,,True,,,0.008472300018183887,0.0,0.0,0.0,0.0,200,False,1787940309.5496128
web,50,0,,True,,,0.8231229999801144,0.0,0.0,0.0,0.0,200,False,1787940263.517357
web,50,1,,True,,,0.0064984000055119395,0.0,0.0,0.0,0.0,200,False,1787940269.3408396
web,50,2,,True,,,0.024828399997204542,0.0,0.0,0.0,0.0,200,False,1787940274.3477986
web,50,3,,True,,,0.014264099998399615,0.0,0.0,0.0,0.0,200,False,1787940279.3730452
web,50,4,,True,,,0.002590299991425127,0.0,0.0,0.0,0.0,200,False,1787940284.3879504
web,50,5,,True,,,0.006923699984326959,0.0,0.0,0.0,0.0,200,False,1787940289.391357
web,50,6,,True,,,0.026629600033629686,0.0,0.0,0.0,0.0,200,False,1787940294.3985302
web,50,7,,True,,,0.00443299999460578,0.0,0.0,0.0,0.0,200,False,1787940299.4258256
web,50,8,,True,,,0.0019514000159688294,0.0,0.0,0.0,0.0,200,False,1787940304.4308038
web,50,9,,True,,,0.023278300010133535,0.0,0.0,0.0,0.0,200,False,1787940309.4335828
web,51,0,,True,,,0.8235233000013977,0.0,0.0,0.0,0.0,200,False,1787940263.5338283
web,51,1,,True,,,0.012407900008838624,0.0,0.0,0.0,0.0,200,False,1787940269.3578992
web,51,2,,True,,,0.0036865000147372484,0.0,0.0,0.0,0.0,200,False,1787940274.3705
web,51,3,,True,,,0.012705399945843965,0.0,0.0,0.0,0.0,200,False,1787940279.3747473
web,51,4,,True,,,0.026490299962460995,0.0,0.0,0.0,0.0,200,False,1787940284.387843
web,51,5,,True,,,0.026899699994828552,0.0,0.0,0.0,0.0,200,False,1787940289.414614
web,51,6,,True,,,0.010188799991738051,0.0,0.0,0.0,0.0,200,False,1787940294.441933
web,51,7,,True,,,0.004730899992864579,0.0,0.0,0.0,0.0,200,False,1787940299.4526868
web,51,8,,True,,,0.008949399983976036,0.0,0.0,0.0,0.0,200,False,1787940304.4583704
web,51,9,,True,,,0.02470720000565052,0.0,0.0,0.0,0.0,200,False,1787940309.467618
web,52,0,,True,,,0.8237267999793403,0.0,0.0,0.0,0.0,200,False,1787940263.517576
web,52,1,,True,,,0.03490520000923425,0.0,0.0,0.0,0.0,200,False,1787940269.3414102
web,52,2,,True,,,0.004710500012151897,0.0,0.0,0.0,0.0,200,False,1787940274.376859
web,52,3,,True,,,0.022943600022699684,0.0,0.0,0.0,0.0,200,False,1787940279.3819199
web,52,4,,True,,,0.006275799998547882,0.0,0.0,0.0,0.0,200,False,1787940284.4052126
web,52,5,,True,,,0.02707899996312335,0.0,0.0,0.0,0.0,200,False,1787940289.4120164
web,52,6,,True,,,0.010524099983740598,0.0,0.0,0.0,0.0,200,False,1787940294.4392004
web,52,7,,True,,,0.003927199984900653,0.0,0.0,0.0,0.0,200,False,1787940299.4501092
web,52,8,,True,,,0.007394400017801672,0.0,0.0,0.0,0.0,200,False,1787940304.4543185
web,52,9,,True,,,0.03165700001409277,0.0,0.0,0.0,0.0,200,False,1787940309.4622502
web,53,0,,True,,,0.742402600008063,0.0,0.0,0.0,0.0,200,False,1787940263.517232
web,53,1,,True,,,0.004506199969910085,0.0,0.0,0.0,0.0,200,False,1787940269.2597628
web,53,2,,True,,,0.028697599947918206,0.0,0.0,0.0,0.0,200,False,1787940274.2648041
web,53,3,,True,,,0.0168102000025101,0.0,0.0,0.0,0.0,200,False,1787940279.2939906
web,53,4,,True,,,0.020329799968749285,0.0,0.0,0.0,0.0,200,False,1787940284.3119292
web,53,5,,True,,,0.013884399959351867,0.0,0.0,0.0,0.0,200,False,1787940289.3325293
web,53,6,,True,,,0.015822599991224706,0.0,0.0,0.0,0.0,200,False,1787940294.3468132
web,53,7,,True,,,0.0033875000081025064,0.0,0.0,0.0,0.0,200,False,1787940299.3630667
web,53,8,,True,,,0.016295099980197847,0.0,0.0,0.0,0.0,200,False,1787940304.3668563
web,53,9,,True,,,0.025227800011634827,0.0,0.0,0.0,0.0,200,False,1787940309.3832364
web,54,0,,True,,,0.4955983000108972,0.0,0.0,0.0,0.0,200,False,1787940263.8952577
web,54,1,,True,,,0.008027100004255772,0.0,0.0,0.0,0.0,200,False,1787940269.3913145
web,54,2,,True,,,0.009773099969606847,0.0,0.0,0.0,0.0,200,False,1787940274.399688
web,54,3,,True,,,0.007419800036586821,0.0,0.0,0.0,0.0,200,False,1787940279.4098575
web,54,4,,True,,,0.0024304999969899654,0.0,0.0,0.0,0.0,200,False,1787940284.4178064
web,54,5,,True,,,0.0054789999849163,0.0,0.0,0.0,0.0,200,False,1787940289.4204514
web,54,6,,True,,,0.0024582999758422375,0.0,0.0,0.0,0.0,200,False,1787940294.4262686
web,54,7,,True,,,0.002510199963580817,0.0,0.0,0.0,0.0,200,False,1787940299.4288666
web,54,8,,True,,,0.0019184999982826412,0.0,0.0,0.0,0.0,200,False,1787940304.431867
web,54,9,,True,,,0.0037265000282786787,0.0,0.0,0.0,0.0,200,False,1787940309.4341133
web,55,0,,True,,,0.36520080000627786,0.0,0.0,0.0,0.0,200,False,1787940264.0261877
web,55,1,,True,,,0.008617800020147115,0.0,0.0,0.0,0.0,200,False,1787940269.391957
web,55,2,,True,,,0.023189000028651208,0.0,0.0,0.0,0.0,200,False,1787940274.4009533
web,55,3,,True,,,0.02909099997486919,0.0,0.0,0.0,0.0,200,False,1787940279.4242206
web,55,4,,True,,,0.00402389996452257,0.0,0.0,0.0,0.0,200,False,1787940284.4536262
web,55,5,,True,,,0.008588999975472689,0.0,0.0,0.0,0.0,200,False,1787940289.458805
web,55,6,,True,,,0.02177659998415038,0.0,0.0,0.0,0.0,200,False,1787940294.4677308
web,55,7,,True,,,0.008720499987248331,0.0,0.0,0.0,0.0,200,False,1787940299.4915814
web,55,8,,True,,,0.01380120002431795,0.0,0.0,0.0,0.0,200,False,1787940304.5010827
web,55,9,,True,,,0.02261099999304861,0.0,0.0,0.0,0.0,200,False,1787940309.5152001
web,56,0,,True,,,0.8768431000062265,0.0,0.0,0.0,0.0,200,False,1787940263.5174823
web,56,1,,True,,,0.023410300025716424,0.0,0.0,0.0,0.0,200,False,1787940269.394598
web,56,2,,True,,,0.008452000038232654,0.0,0.0,0.0,0.0,200,False,1787940274.4181206
web,56,3,,True,,,0.010108200018294156,0.0,0.0,0.0,0.0,200,False,1787940279.4270766
web,56,4,,True,,,0.01973050000378862,0.0,0.0,0.0,0.0,200,False,1787940284.4377449
web,56,5,,True,,,0.01206169999204576,0.0,0.0,0.0,0.0,200,False,1787940289.4579098
web,56,6,,True,,,0.00931329996092245,0.0,0.0,0.0,0.0,200,False,1787940294.4700708
web,56,7,,True,,,0.0029913000180386007,0.0,0.0,0.0,0.0,200,False,1787940299.4798825
web,56,8,,True,,,0.025793800014071167,0.0,0.0,0.0,0.0,200,False,1787940304.4835896
web,56,9,,True,,,0.028604899998754263,0.0,0.0,0.0,0.0,200,False,1787940309.5098653
web,57,0,,True,,,0.7089669000124559,0.0,0.0,0.0,0.0,200,False,1787940263.5337765
web,57,1,,True,,,0.009203900001011789,0.0,0.0,0.0,0.0,200,False,1787940269.244109
web,57,2,,True,,,0.004840900015551597,0.0,0.0,0.0,0.0,200,False,1787940274.2538614
web,57,3,,True,,,0.0069571000058203936,0.0,0.0,0.0,0.0,200,False,1787940279.2590988
web,57,4,,True,,,0.020133199985139072,0.0,0.0,0.0,0.0,200,False,1787940284.2665164
web,57,5,,True,,,0.03150470001855865,0.0,0.0,0.0,0.0,200,False,1787940289.2870493
web,57,6,,True,,,0.027893899998161942,0.0,0.0,0.0,0.0,200,False,1787940294.319113
web,57,7,,True,,,0.005699799978174269,0.0,0.0,0.0,0.0,200,False,1787940299.3475313
web,57,8,,True,,,0.003316399990580976,0.0,0.0,0.0,0.0,200,False,1787940304.353634
web,57,9,,True,,,0.006435899995267391,0.0,0.0,0.0,0.0,200,False,1787940309.358598
web,58,0,,True,,,0.8409578000428155,0.0,0.0,0.0,0.0,200,False,1787940263.517858
web,58,1,,True,,,0.024902299977838993,0.0,0.0,0.0,0.0,200,False,1787940269.3594112
web,58,2,,True,,,0.013326100015547127,0.0,0.0,0.0,0.0,200,False,1787940274.384429
web,58,3,,True,,,0.00324480002745986,0.0,0.0,0.0,0.0,200,False,1787940279.3983433
web,58,4,,True,,,0.02693120000185445,0.0,0.0,0.0,0.0,200,False,1787940284.4020462
web,58,5,,True,,,0.029062299989163876,0.0,0.0,0.0,0.0,200,False,1787940289.4294465
web,58,6,,True,,,0.006692599970847368,0.0,0.0,0.0,0.0,200,False,1787940294.4590774
web,58,7,,True,,,0.004524300049524754,0.0,0.0,0.0,0.0,200,False,1787940299.466646
web,58,8,,True,,,0.01764289999846369,0.0,0.0,0.0,0.0,200,False,1787940304.4714916
web,58,9,,True,,,0.015379399992525578,0.0,0.0,0.0,0.0,200,False,1787940309.4895897
web,59,0,,True,,,0.41241659998195246,0.0,0.0,0.0,0.0,200,False,1787940263.7079837
web,59,1,,True,,,0.027637199964374304,0.0,0.0,0.0,0.0,200,False,1787940269.1213741
web,59,2,,True,,,0.0198194999829866,0.0,0.0,0.0,0.0,200,False,1787940274.1496413
web,59,3,,True,,,0.015995100024156272,0.0,0.0,0.0,0.0,200,False,1787940279.1703336
web,59,4,,True,,,0.0067134000128135085,0.0,0.0,0.0,0.0,200,False,1787940284.186763
web,59,5,,True,,,0.027705000014975667,0.0,0.0,0.0,0.0,200,False,1787940289.1938164
web,59,6,,True,,,0.003682200040202588,0.0,0.0,0.0,0.0,200,False,1787940294.2216675
web,59,7,,True,,,0.015786800009664148,0.0,0.0,0.0,0.0,200,False,1787940299.2257693
web,59,8,,True,,,0.019100600038655102,0.0,0.0,0.0,0.0,200,False,1787940304.2420459
web,59,9,,True,,,0.004302099987398833,0.0,0.0,0.0,0.0,200,False,1787940309.2621741
web,60,0,,True,,,0.48793850000947714,0.0,0.0,0.0,0.0,200,False,1787940263.6625612
web,60,1,,True,,,0.004274000006262213,0.0,0.0,0.0,0.0,200,False,1787940269.1510563
web,60,2,,True,,,0.002639999962411821,0.0,0.0,0.0,0.0,200,False,1787940274.1558244
web,60,3,,True,,,0.013976400019600987,0.0,0.0,0.0,0.0,200,False,1787940279.1591191
web,60,4,,True,,,0.018208099994808435,0.0,0.0,0.0,0.0,200,False,1787940284.1738906
web,60,5,,True,,,0.028842699946835637,0.0,0.0,0.0,0.0,200,False,1787940289.1928499
web,60,6,,True,,,0.015138099959585816,0.0,0.0,0.0,0.0,200,False,1787940294.2222111
web,60,7,,True,,,0.018171499948948622,0.0,0.0,0.0,0.0,200,False,1787940299.2374723
web,60,8,,True,,,0.022553300019353628,0.0,0.0,0.0,0.0,200,False,1787940304.2564876
web,60,9,,True,,,0.020241299993358552,0.0,0.0,0.0,0.0,200,False,1787940309.2793388
web,61,0,,True,,,0.6847201000200585,0.0,0.0,0.0,0.0,200,False,1787940263.7081063
web,61,1,,True,,,0.022954099986236542,0.0,0.0,0.0,0.0,200,False,1787940269.392971
web,61,2,,True,,,0.01927399996202439,0.0,0.0,0.0,0.0,200,False,1787940274.4160511
web,61,3,,True,,,0.013455599953886122,0.0,0.0,0.0,0.0,200,False,1787940279.435848
web,61,4,,True,,,0.027220900054089725,0.0,0.0,0.0,0.0,200,False,1787940284.449465
web,61,5,,True,,,0.022226499975658953,0.0,0.0,0.0,0.0,200,False,1787940289.4769173
web,61,6,,True,,,0.0071977999759837985,0.0,0.0,0.0,0.0,200,False,1787940294.499857
web,61,7,,True,,,0.002472999971359968,0.0,0.0,0.0,0.0,200,False,1787940299.5073833
web,61,8,,True,,,0.02318850002484396,0.0,0.0,0.0,0.0,200,False,1787940304.5103803
web,61,9,,True,,,0.02060039999196306,0.0,0.0,0.0,0.0,200,False,1787940309.5340636
web,62,0,,True,,,0.5522548999870196,0.0,0.0,0.0,0.0,200,False,1787940263.5658126
web,62,1,,True,,,0.014528699975926429,0.0,0.0,0.0,0.0,200,False,1787940269.1186104
web,62,2,,True,,,0.021233899984508753,0.0,0.0,0.0,0.0,200,False,1787940274.1333995
web,62,3,,True,,,0.03104400000302121,0.0,0.0,0.0,0.0,200,False,1787940279.1551242
web,62,4,,True,,,0.006178699957672507,0.0,0.0,0.0,0.0,200,False,1787940284.187193
web,62,5,,True,,,0.027607700030785054,0.0,0.0,0.0,0.0,200,False,1787940289.1940317
web,62,6,,True,,,0.0028765000170096755,0.0,0.0,0.0,0.0,200,False,1787940294.2223845
web,62,7,,True,,,0.015534900012426078,0.0,0.0,0.0,0.0,200,False,1787940299.2256045
web,62,8,,True,,,0.026250299997627735,0.0,0.0,0.0,0.0,200,False,1787940304.2415893
web,62,9,,True,,,0.0157980999792926,0.0,0.0,0.0,0.0,200,False,1787940309.2681332
web,63,0,,True,,,0.8596590000088327,0.0,0.0,0.0,0.0,200,False,1787940263.533589
web,63,1,,True,,,0.02312030002940446,0.0,0.0,0.0,0.0,200,False,1787940269.3939674
web,63,2,,True,,,0.018092899990733713,0.0,0.0,0.0,0.0,200,False,1787940274.4175756
web,63,3,,True,,,0.014243500016164035,0.0,0.0,0.0,0.0,200,False,1787940279.4364119
web,63,4,,True,,,0.02411180001217872,0.0,0.0,0.0,0.0,200,False,1787940284.4509807
web,63,5,,True,,,0.024428300035651773,0.0,0.0,0.0,0.0,200,False,1787940289.4752264
web,63,6,,True,,,0.0052896999986842275,0.0,0.0,0.0,0.0,200,False,1787940294.5002532
web,63,7,,True,,,0.0021960000158287585,0.0,0.0,0.0,0.0,200,False,1787940299.5058782
web,63,8,,True,,,0.01385460002347827,0.0,0.0,0.0,0.0,200,False,1787940304.508695
web,63,9,,True,,,0.033471700036898255,0.0,0.0,0.0,0.0,200,False,1787940309.5229363
web,64,0,,True,,,0.5817051000194624,0.0,0.0,0.0,0.0,200,False,1787940263.6621723
web,64,1,,True,,,0.009390599967446178,0.0,0.0,0.0,0.0,200,False,1787940269.2444572
web,64,2,,True,,,0.02525420003803447,0.0,0.0,0.0,0.0,200,False,1787940274.2542577
web,64,3,,True,,,0.006669300026260316,0.0,0.0,0.0,0.0,200,False,1787940279.280555
web,64,4,,True,,,0.013723100011702627,0.0,0.0,0.0,0.0,200,False,1787940284.2877622
web,64,5,,True,,,0.020445599977392703,0.0,0.0,0.0,0.0,200,False,1787940289.3018909
web,64,6,,True,,,0.023965900007169694,0.0,0.0,0.0,0.0,200,False,1787940294.3227007
web,64,7,,True,,,0.006457499985117465,0.0,0.0,0.0,0.0,200,False,1787940299.3472612
web,64,8,,True,,,0.003403400012757629,0.0,0.0,0.0,0.0,200,False,1787940304.3542798
web,64,9,,True,,,0.005729700031224638,0.0,0.0,0.0,0.0,200,False,1787940309.3583136
web,65,0,,True,,,0.5814962000004016,0.0,0.0,0.0,0.0,200,False,1787940263.67819
web,65,1,,True,,,0.027509699983056635,0.0,0.0,0.0,0.0,200,False,1787940269.2603328
web,65,2,,True,,,0.02121380000608042,0.0,0.0,0.0,0.0,200,False,1787940274.288053
web,65,3,,True,,,0.016523200029041618,0.0,0.0,0.0,0.0,200,False,1787940279.3095286
web,65,4,,True,,,0.02193639997858554,0.0,0.0,0.0,0.0,200,False,1787940284.3266652
web,65,5,,True,,,0.005070300016086549,0.0,0.0,0.0,0.0,200,False,1787940289.3493783
web,65,6,,True,,,0.02313210000284016,0.0,0.0,0.0,0.0,200,False,1787940294.354636
web,65,7,,True,,,0.0045013000490143895,0.0,0.0,0.0,0.0,200,False,1787940299.3779588
web,65,8,,True,,,0.02723030000925064,0.0,0.0,0.0,0.0,200,False,1787940304.3828666
web,65,9,,True,,,0.013796999992337078,0.0,0.0,0.0,0.0,200,False,1787940309.4106095
web,66,0,,True,,,0.6834128000191413,0.0,0.0,0.0,0.0,200,False,1787940263.709812
web,66,1,,True,,,0.019842200039420277,0.0,0.0,0.0,0.0,200,False,1787940269.3937373
web,66,2,,True,,,0.020717600011266768,0.0,0.0,0.0,0.0,200,False,1787940274.4141335
web,66,3,,True,,,0.010143899999093264,0.0,0.0,0.0,0.0,200,False,1787940279.4351377
web,66,4,,True,,,0.0043200000072829425,0.0,0.0,0.0,0.0,200,False,1787940284.4454384
web,66,5,,True,,,0.022154599952045828,0.0,0.0,0.0,0.0,200,False,1787940289.4501715
web,66,6,,True,,,0.009112300002016127,0.0,0.0,0.0,0.0,200,False,1787940294.4734366
web,66,7,,True,,,0.004988500033505261,0.0,0.0,0.0,0.0,200,False,1787940299.4832385
web,66,8,,True,,,0.012848099984694272,0.0,0.0,0.0,0.0,200,False,1787940304.4888623
web,66,9,,True,,,0.010879600013140589,0.0,0.0,0.0,0.0,200,False,1787940309.502056
web,67,0,,True,,,0.7099940999760292,0.0,0.0,0.0,0.0,200,False,1787940263.5326426
web,67,1,,True,,,0.008271200000308454,0.0,0.0,0.0,0.0,200,False,1787940269.2435246
web,67,2,,True,,,0.004673900024499744,0.0,0.0,0.0,0.0,200,False,1787940274.2533393
web,67,3,,True,,,0.022288500040303916,0.0,0.0,0.0,0.0,200,False,1787940279.2585168
web,67,4,,True,,,0.006561300018802285,0.0,0.0,0.0,0.0,200,False,1787940284.2830255
web,67,5,,True,,,0.0035099000087939203,0.0,0.0,0.0,0.0,200,False,1787940289.2898648
web,67,6,,True,,,0.023098999983631074,0.0,0.0,0.0,0.0,200,False,1787940294.293651
web,67,7,,True,,,0.003116200037766248,0.0,0.0,0.0,0.0,200,False,1787940299.3172655
web,67,8,,True,,,0.025434100010897964,0.0,0.0,0.0,0.0,200,False,1787940304.3209326
web,67,9,,True,,,0.004024600028060377,0.0,0.0,0.0,0.0,200,False,1787940309.346874
web,68,0,,True,,,0.8246838999912143,0.0,0.0,0.0,0.0,200,False,1787940263.5330021
web,68,1,,True,,,0.0242065999773331,0.0,0.0,0.0,0.0,200,False,1787940269.3586917
web,68,2,,True,,,0.0018241999787278473,0.0,0.0,0.0,0.0,200,False,1787940274.3834276
web,68,3,,True,,,0.01978530001360923,0.0,0.0,0.0,0.0,200,False,1787940279.385699
web,68,4,,True,,,0.00605819997144863,0.0,0.0,0.0,0.0,200,False,1787940284.4061577
web,68,5,,True,,,0.028237599995918572,0.0,0.0,0.0,0.0,200,False,1787940289.4125586
web,68,6,,True,,,0.010107900016009808,0.0,0.0,0.0,0.0,200,False,1787940294.44142
web,68,7,,True,,,0.02428939996752888,0.0,0.0,0.0,0.0,200,False,1787940299.4517405
web,68,8,,True,,,0.03284719999646768,0.0,0.0,0.0,0.0,200,False,1787940304.4762366
web,68,9,,True,,,0.005440799985080957,0.0,0.0,0.0,0.0,200,False,1787940309.5101678
web,69,0,,True,,,0.8262246000231244,0.0,0.0,0.0,0.0,200,False,1787940263.5323355
web,69,1,,True,,,0.03045139997266233,0.0,0.0,0.0,0.0,200,False,1787940269.358956
web,69,2,,True,,,0.019329399976413697,0.0,0.0,0.0,0.0,200,False,1787940274.3899136
web,69,3,,True,,,0.006518900045193732,0.0,0.0,0.0,0.0,200,False,1787940279.4097133
web,69,4,,True,,,0.027718599943909794,0.0,0.0,0.0,0.0,200,False,1787940284.4167318
web,69,5,,True,,,0.02702719997614622,0.0,0.0,0.0,0.0,200,False,1787940289.4449227
web,69,6,,True,,,0.009600299992598593,0.0,0.0,0.0,0.0,200,False,1787940294.4721437
web,69,7,,True,,,0.004947900015395135,0.0,0.0,0.0,0.0,200,False,1787940299.4818301
web,69,8,,True,,,0.02228769997600466,0.0,0.0,0.0,0.0,200,False,1787940304.4871063
web,69,9,,True,,,0.025776399997994304,0.0,0.0,0.0,0.0,200,False,1787940309.5106554
web,70,0,,True,,,0.4410115000209771,0.0,0.0,0.0,0.0,200,False,1787940263.6787531
web,70,1,,True,,,0.028532099968288094,0.0,0.0,0.0,0.0,200,False,1787940269.1205108
web,70,2,,True,,,0.020244100014679134,0.0,0.0,0.0,0.0,200,False,1787940274.1493068
web,70,3,,True,,,0.018124000052921474,0.0,0.0,0.0,0.0,200,False,1787940279.1700108
web,70,4,,True,,,0.019889399991370738,0.0,0.0,0.0,0.0,200,False,1787940284.1891072
web,70,5,,True,,,0.029300499998498708,0.0,0.0,0.0,0.0,200,False,1787940289.2100766
web,70,6,,True,,,0.029531100008171052,0.0,0.0,0.0,0.0,200,False,1787940294.2399771
web,70,7,,True,,,0.0045550999930128455,0.0,0.0,0.0,0.0,200,False,1787940299.2697697
web,70,8,,True,,,0.025025399983860552,0.0,0.0,0.0,0.0,200,False,1787940304.2747393
web,70,9,,True,,,0.015482899965718389,0.0,0.0,0.0,0.0,200,False,1787940309.3002462
web,71,0,,True,,,0.48744920000899583,0.0,0.0,0.0,0.0,200,False,1787940263.7083864
web,71,1,,True,,,0.019189299957361072,0.0,0.0,0.0,0.0,200,False,1787940269.1961157
web,71,2,,True,,,0.015513300022576004,0.0,0.0,0.0,0.0,200,False,1787940274.215659
web,71,3,,True,,,0.015241799992509186,0.0,0.0,0.0,0.0,200,False,1787940279.2315545
web,71,4,,True,,,0.011758600012399256,0.0,0.0,0.0,0.0,200,False,1787940284.2472885
web,71,5,,True,,,0.02442119998158887,0.0,0.0,0.0,0.0,200,False,1787940289.2594903
web,71,6,,True,,,0.03233280003769323,0.0,0.0,0.0,0.0,200,False,1787940294.2844357
web,71,7,,True,,,0.014500999997835606,0.0,0.0,0.0,0.0,200,False,1787940299.3174357
web,71,8,,True,,,0.02815189998364076,0.0,0.0,0.0,0.0,200,False,1787940304.333146
web,71,9,,True,,,0.005892499990295619,0.0,0.0,0.0,0.0,200,False,1787940309.361464
web,72,0,,True,,,0.4325156999984756,0.0,0.0,0.0,0.0,200,False,1787940263.9239776
web,72,1,,True,,,0.010875899984966964,0.0,0.0,0.0,0.0,200,False,1787940269.35662
web,72,2,,True,,,0.02377369999885559,0.0,0.0,0.0,0.0,200,False,1787940274.367643
web,72,3,,True,,,0.035874799999874085,0.0,0.0,0.0,0.0,200,False,1787940279.391695
web,72,4,,True,,,0.00980690005235374,0.0,0.0,0.0,0.0,200,False,1787940284.4282649
web,72,5,,True,,,0.020119299995712936,0.0,0.0,0.0,0.0,200,False,1787940289.438475
web,72,6,,True,,,0.006930700037628412,0.0,0.0,0.0,0.0,200,False,1787940294.4589663
web,72,7,,True,,,0.005865400016773492,0.0,0.0,0.0,0.0,200,False,1787940299.4664397
web,72,8,,True,,,0.014717200014274567,0.0,0.0,0.0,0.0,200,False,1787940304.4725235
web,72,9,,True,,,0.01743999996688217,0.0,0.0,0.0,0.0,200,False,1787940309.4875712
web,73,0,,True,,,0.8598116000066511,0.0,0.0,0.0,0.0,200,False,1787940263.532897
web,73,1,,True,,,0.01793050003470853,0.0,0.0,0.0,0.0,200,False,1787940269.393264
web,73,2,,True,,,0.02402869996149093,0.0,0.0,0.0,0.0,200,False,1787940274.4116254
web,73,3,,True,,,0.013853600015863776,0.0,0.0,0.0,0.0,200,False,1787940279.4363012
web,73,4,,True,,,0.025925799971446395,0.0,0.0,0.0,0.0,200,False,1787940284.4504662
web,73,5,,True,,,0.022250400041230023,0.0,0.0,0.0,0.0,200,False,1787940289.477304
web,73,6,,True,,,0.017865499947220087,0.0,0.0,0.0,0.0,200,False,1787940294.5005631
web,73,7,,True,,,0.007214099983684719,0.0,0.0,0.0,0.0,200,False,1787940299.519915
web,73,8,,True,,,0.005693800048902631,0.0,0.0,0.0,0.0,200,False,1787940304.5272841
web,73,9,,True,,,0.008847999968566,0.0,0.0,0.0,0.0,200,False,1787940309.5332153
web,74,0,,True,,,0.8606281999964267,0.0,0.0,0.0,0.0,200,False,1787940263.5325854
web,74,1,,True,,,0.029059200023766607,0.0,0.0,0.0,0.0,200,False,1787940269.3947196
web,74,2,,True,,,0.02860229997895658,0.0,0.0,0.0,0.0,200,False,1787940274.4242513
web,74,3,,True,,,0.00647899997420609,0.0,0.0,0.0,0.0,200,False,1787940279.4533694
web,74,4,,True,,,0.004439999989699572,0.0,0.0,0.0,0.0,200,False,1787940284.4602914
web,74,5,,True,,,0.019230799982324243,0.0,0.0,0.0,0.0,200,False,1787940289.46528
web,74,6,,True,,,0.0074195999768562615,0.0,0.0,0.0,0.0,200,False,1787940294.4848547
web,74,7,,True,,,0.008808600017800927,0.0,0.0,0.0,0.0,200,False,1787940299.4927068
web,74,8,,True,,,0.016379499982576817,0.0,0.0,0.0,0.0,200,False,1787940304.5018873
web,74,9,,True,,,0.004419400007463992,0.0,0.0,0.0,0.0,200,False,1787940309.5184846
web,75,0,,True,,,0.7607894000248052,0.0,0.0,0.0,0.0,200,False,1787940263.6323974
web,75,1,,True,,,0.014668699994217604,0.0,0.0,0.0,0.0,200,False,1787940269.3936052
web,75,2,,True,,,0.010657700011506677,0.0,0.0,0.0,0.0,200,False,1787940274.408768
web,75,3,,True,,,0.03239710000343621,0.0,0.0,0.0,0.0,200,False,1787940279.4197679
web,75,4,,True,,,0.0027104999753646553,0.0,0.0,0.0,0.0,200,False,1787940284.4525437
web,75,5,,True,,,0.030230099975597113,0.0,0.0,0.0,0.0,200,False,1787940289.4555237
web,75,6,,True,,,0.009276800032239407,0.0,0.0,0.0,0.0,200,False,1787940294.4859433
web,75,7,,True,,,0.028595999989192933,0.0,0.0,0.0,0.0,200,False,1787940299.4957268
web,75,8,,True,,,0.004727700026705861,0.0,0.0,0.0,0.0,200,False,1787940304.5245237
web,75,9,,True,,,0.023867800016887486,0.0,0.0,0.0,0.0,200,False,1787940309.5298026
web,76,0,,True,,,0.7090643999981694,0.0,0.0,0.0,0.0,200,False,1787940263.5335379
web,76,1,,True,,,0.008428399974945933,0.0,0.0,0.0,0.0,200,False,1787940269.2439952
web,76,2,,True,,,0.027204299985896796,0.0,0.0,0.0,0.0,200,False,1787940274.2528753
web,76,3,,True,,,0.005658400012180209,0.0,0.0,0.0,0.0,200,False,1787940279.2810068
web,76,4,,True,,,0.005993800004944205,0.0,0.0,0.0,0.0,200,False,1787940284.2871327
web,76,5,,True,,,0.027150799985975027,0.0,0.0,0.0,0.0,200,False,1787940289.2935002
web,76,6,,True,,,0.025872600032016635,0.0,0.0,0.0,0.0,200,False,1787940294.3211553
web,76,7,,True,,,0.004568299977108836,0.0,0.0,0.0,0.0,200,False,1787940299.3477008
web,76,8,,True,,,0.004272199992556125,0.0,0.0,0.0,0.0,200,False,1787940304.3525777
web,76,9,,True,,,0.018754700024146587,0.0,0.0,0.0,0.0,200,False,1787940309.3587832
web,77,0,,True,,,0.6194130000076257,0.0,0.0,0.0,0.0,200,False,1787940263.773054
web,77,1,,True,,,0.017244299990125,0.0,0.0,0.0,0.0,200,False,1787940269.393107
web,77,2,,True,,,0.009418300003744662,0.0,0.0,0.0,0.0,200,False,1787940274.411108
web,77,3,,True,,,0.03223260003142059,0.0,0.0,0.0,0.0,200,False,1787940279.4210358
web,77,4,,True,,,0.022897400020156056,0.0,0.0,0.0,0.0,200,False,1787940284.453772
web,77,5,,True,,,0.003826300031505525,0.0,0.0,0.0,0.0,200,False,1787940289.4774663
web,77,6,,True,,,0.022391800011973828,0.0,0.0,0.0,0.0,200,False,1787940294.481902
web,77,7,,True,,,0.019399799988605082,0.0,0.0,0.0,0.0,200,False,1787940299.5048242
web,77,8,,True,,,0.00563899998087436,0.0,0.0,0.0,0.0,200,False,1787940304.5247948
web,77,9,,True,,,0.023448300024028867,0.0,0.0,0.0,0.0,200,False,1787940309.5308683
web,78,0,,True,,,0.6612662000115961,0.0,0.0,0.0,0.0,200,False,1787940263.5663898
web,78,1,,True,,,0.015155999979469925,0.0,0.0,0.0,0.0,200,False,1787940269.2281501
web,78,2,,True,,,0.017216399952303618,0.0,0.0,0.0,0.0,200,False,1787940274.2439
web,78,3,,True,,,0.020572700013872236,0.0,0.0,0.0,0.0,200,False,1787940279.2620015
web,78,4,,True,,,0.005730400036554784,0.0,0.0,0.0,0.0,200,False,1787940284.2835727
web,78,5,,True,,,0.02938179997727275,0.0,0.0,0.0,0.0,200,False,1787940289.289373
web,78,6,,True,,,0.028487400035373867,0.0,0.0,0.0,0.0,200,False,1787940294.319342
web,78,7,,True,,,0.004694900009781122,0.0,0.0,0.0,0.0,200,False,1787940299.348078
web,78,8,,True,,,0.003906700003426522,0.0,0.0,0.0,0.0,200,False,1787940304.35311
web,78,9,,True,,,0.006890499964356422,0.0,0.0,0.0,0.0,200,False,1787940309.357881
web,79,0,,True,,,0.5831636000075378,0.0,0.0,0.0,0.0,200,False,1787940263.7717197
web,79,1,,True,,,0.0061775000067427754,0.0,0.0,0.0,0.0,200,False,1787940269.355086
web,79,2,,True,,,0.0286941000376828,0.0,0.0,0.0,0.0,200,False,1787940274.3618162
web,79,3,,True,,,0.0037078000023029745,0.0,0.0,0.0,0.0,200,False,1787940279.3906188
web,79,4,,True,,,0.019417300005443394,0.0,0.0,0.0,0.0,200,False,1787940284.394707
web,79,5,,True,,,0.005555899988394231,0.0,0.0,0.0,0.0,200,False,1787940289.414804
web,79,6,,True,,,0.024914199952036142,0.0,0.0,0.0,0.0,200,False,1787940294.4206305
web,79,7,,True,,,0.029534799978137016,0.0,0.0,0.0,0.0,200,False,1787940299.4461799
web,79,8,,True,,,0.03164270002162084,0.0,0.0,0.0,0.0,200,False,1787940304.4768338
web,79,9,,True,,,0.004653999989386648,0.0,0.0,0.0,0.0,200,False,1787940309.5087202
web,80,0,,True,,,0.8605752000003122,0.0,0.0,0.0,0.0,200,False,1787940263.5324805
web,80,1,,True,,,0.02074270002776757,0.0,0.0,0.0,0.0,200,False,1787940269.393853
web,80,2,,True,,,0.009869700006674975,0.0,0.0,0.0,0.0,200,False,1787940274.4150147
web,80,3,,True,,,0.01180539996130392,0.0,0.0,0.0,0.0,200,False,1787940279.4252045
web,80,4,,True,,,0.02132759999949485,0.0,0.0,0.0,0.0,200,False,1787940284.4372234
web,80,5,,True,,,0.010198999952990562,0.0,0.0,0.0,0.0,200,False,1787940289.4596682
web,80,6,,True,,,0.009377899987157434,0.0,0.0,0.0,0.0,200,False,1787940294.4702199
web,80,7,,True,,,0.0027036999817937613,0.0,0.0,0.0,0.0,200,False,1787940299.4800313
web,80,8,,True,,,0.025353599980007857,0.0,0.0,0.0,0.0,200,False,1787940304.483142
web,80,9,,True,,,0.004834199964534491,0.0,0.0,0.0,0.0,200,False,1787940309.5085683
web,81,0,,True,,,0.8650669000344351,0.0,0.0,0.0,0.0,200,False,1787940263.5314815
web,81,1,,True,,,0.02799939998658374,0.0,0.0,0.0,0.0,200,False,1787940269.3967497
web,81,2,,True,,,0.027703400002792478,0.0,0.0,0.0,0.0,200,False,1787940274.4252717
web,81,3,,True,,,0.027350200049113482,0.0,0.0,0.0,0.0,200,False,1787940279.453729
web,81,4,,True,,,0.006417100026737899,0.0,0.0,0.0,0.0,200,False,1787940284.4814956
web,81,5,,True,,,0.0035237999982200563,0.0,0.0,0.0,0.0,200,False,1787940289.4886508
web,81,6,,True,,,0.02612829999998212,0.0,0.0,0.0,0.0,200,False,1787940294.4923418
web,81,7,,True,,,0.007402300019748509,0.0,0.0,0.0,0.0,200,False,1787940299.51933
web,81,8,,True,,,0.005206800007726997,0.0,0.0,0.0,0.0,200,False,1787940304.5271914
web,81,9,,True,,,0.02040439995471388,0.0,0.0,0.0,0.0,200,False,1787940309.533083
web,82,0,,True,,,0.693052499962505,0.0,0.0,0.0,0.0,200,False,1787940263.5816936
web,82,1,,True,,,0.0047413999564014375,0.0,0.0,0.0,0.0,200,False,1787940269.2752612
web,82,2,,True,,,0.012113500037230551,0.0,0.0,0.0,0.0,200,False,1787940274.2804668
web,82,3,,True,,,0.017730700026731938,0.0,0.0,0.0,0.0,200,False,1787940279.292982
web,82,4,,True,,,0.00502399995457381,0.0,0.0,0.0,0.0,200,False,1787940284.3109777
web,82,5,,True,,,0.015214500017464161,0.0,0.0,0.0,0.0,200,False,1787940289.3164682
web,82,6,,True,,,0.031019500049296767,0.0,0.0,0.0,0.0,200,False,1787940294.3320093
web,82,7,,True,,,0.01568249997217208,0.0,0.0,0.0,0.0,200,False,1787940299.3637211
web,82,8,,True,,,0.014759999990928918,0.0,0.0,0.0,0.0,200,False,1787940304.3798811
web,82,9,,True,,,0.028862499981187284,0.0,0.0,0.0,0.0,200,False,1787940309.3954527
web,83,0,,True,,,0.5874861999764107,0.0,0.0,0.0,0.0,200,False,1787940263.7066119
web,83,1,,True,,,0.024001499987207353,0.0,0.0,0.0,0.0,200,False,1787940269.2944849
web,83,2,,True,,,0.003409299999475479,0.0,0.0,0.0,0.0,200,False,1787940274.3193533
web,83,3,,True,,,0.017842200002633035,0.0,0.0,0.0,0.0,200,False,1787940279.3232403
web,83,4,,True,,,0.022680100053548813,0.0,0.0,0.0,0.0,200,False,1787940284.341574
web,83,5,,True,,,0.016567499958910048,0.0,0.0,0.0,0.0,200,False,1787940289.3652406
web,83,6,,True,,,0.0187158000189811,0.0,0.0,0.0,0.0,200,False,1787940294.382151
web,83,7,,True,,,0.004877900006249547,0.0,0.0,0.0,0.0,200,False,1787940299.4014657
web,83,8,,True,,,0.018467099987901747,0.0,0.0,0.0,0.0,200,False,1787940304.407037
web,83,9,,True,,,0.030409600003622472,0.0,0.0,0.0,0.0,200,False,1787940309.4262936
web,84,0,,True,,,0.6923691999982111,0.0,0.0,0.0,0.0,200,False,1787940263.6471012
web,84,1,,True,,,0.004755200003273785,0.0,0.0,0.0,0.0,200,False,1787940269.3397295
web,84,2,,True,,,0.005120899993926287,0.0,0.0,0.0,0.0,200,False,1787940274.3456633
web,84,3,,True,,,0.022155000013299286,0.0,0.0,0.0,0.0,200,False,1787940279.3513896
web,84,4,,True,,,0.022289899992756546,0.0,0.0,0.0,0.0,200,False,1787940284.3740048
web,84,5,,True,,,0.028808999981265515,0.0,0.0,0.0,0.0,200,False,1787940289.396405
web,84,6,,True,,,0.011058399977628142,0.0,0.0,0.0,0.0,200,False,1787940294.4257576
web,84,7,,True,,,0.012130199989769608,0.0,0.0,0.0,0.0,200,False,1787940299.4369884
web,84,8,,True,,,0.008365900022909045,0.0,0.0,0.0,0.0,200,False,1787940304.4498005
web,84,9,,True,,,0.014586800010874867,0.0,0.0,0.0,0.0,200,False,1787940309.4586394
web,85,0,,True,,,0.5694062000256963,0.0,0.0,0.0,0.0,200,False,1787940263.5819576
web,85,1,,True,,,0.02708500000881031,0.0,0.0,0.0,0.0,200,False,1787940269.1517186
web,85,2,,True,,,0.021886700007598847,0.0,0.0,0.0,0.0,200,False,1787940274.178883
web,85,3,,True,,,0.01438950002193451,0.0,0.0,0.0,0.0,200,False,1787940279.2012537
web,85,4,,True,,,0.003691099991556257,0.0,0.0,0.0,0.0,200,False,1787940284.216594
web,85,5,,True,,,0.018659699999261647,0.0,0.0,0.0,0.0,200,False,1787940289.2207248
web,85,6,,True,,,0.02961580001283437,0.0,0.0,0.0,0.0,200,False,1787940294.2396643
web,85,7,,True,,,0.004176000016741455,0.0,0.0,0.0,0.0,200,False,1787940299.2702112
web,85,8,,True,,,0.02466549997916445,0.0,0.0,0.0,0.0,200,False,1787940304.2751057
web,85,9,,True,,,0.015353199967648834,0.0,0.0,0.0,0.0,200,False,1787940309.300035
web,86,0,,True,,,0.5013886000378989,0.0,0.0,0.0,0.0,200,False,1787940263.6476142
web,86,1,,True,,,0.012697099999058992,0.0,0.0,0.0,0.0,200,False,1787940269.149583
web,86,2,,True,,,0.02205090003553778,0.0,0.0,0.0,0.0,200,False,1787940274.1626778
web,86,3,,True,,,0.004361699975561351,0.0,0.0,0.0,0.0,200,False,1787940279.1864629
web,86,4,,True,,,0.003981899993959814,0.0,0.0,0.0,0.0,200,False,1787940284.1909568
web,86,5,,True,,,0.019156499998643994,0.0,0.0,0.0,0.0,200,False,1787940289.1953325
web,86,6,,True,,,0.021466500009410083,0.0,0.0,0.0,0.0,200,False,1787940294.2151117
web,86,7,,True,,,0.018825499981176108,0.0,0.0,0.0,0.0,200,False,1787940299.2369945
web,86,8,,True,,,0.004920599982142448,0.0,0.0,0.0,0.0,200,False,1787940304.2561212
web,86,9,,True,,,0.021896200021728873,0.0,0.0,0.0,0.0,200,False,1787940309.2623854
web,87,0,,True,,,0.6778315999545157,0.0,0.0,0.0,0.0,200,False,1787940263.5655448
web,87,1,,True,,,0.010378999984823167,0.0,0.0,0.0,0.0,200,False,1787940269.2442112
web,87,2,,True,,,0.024919399991631508,0.0,0.0,0.0,0.0,200,False,1787940274.2548041
web,87,3,,True,,,0.006570499972440302,0.0,0.0,0.0,0.0,200,False,1787940279.2806892
web,87,4,,True,,,0.005880699958652258,0.0,0.0,0.0,0.0,200,False,1787940284.2876546
web,87,5,,True,,,0.02429509995272383,0.0,0.0,0.0,0.0,200,False,1787940289.2940025
web,87,6,,True,,,0.003001099976245314,0.0,0.0,0.0,0.0,200,False,1787940294.3185804
web,87,7,,True,,,0.0014136999961920083,0.0,0.0,0.0,0.0,200,False,1787940299.3220391
web,87,8,,True,,,0.012848899990785867,0.0,0.0,0.0,0.0,200,False,1787940304.3235967
web,87,9,,True,,,0.012874500011093915,0.0,0.0,0.0,0.0,200,False,1787940309.336841
web,88,0,,True,,,0.857156699988991,0.0,0.0,0.0,0.0,200,False,1787940263.5346332
web,88,1,,True,,,0.010712499963119626,0.0,0.0,0.0,0.0,200,False,1787940269.3920317
web,88,2,,True,,,0.00942170002963394,0.0,0.0,0.0,0.0,200,False,1787940274.403423
web,88,3,,True,,,0.025727800035383552,0.0,0.0,0.0,0.0,200,False,1787940279.4131784
web,88,4,,True,,,0.007251299975905567,0.0,0.0,0.0,0.0,200,False,1787940284.4393914
web,88,5,,True,,,0.003661800001282245,0.0,0.0,0.0,0.0,200,False,1787940289.4470768
web,88,6,,True,,,0.0227113000000827,0.0,0.0,0.0,0.0,200,False,1787940294.4509609
web,88,7,,True,,,0.006053400051314384,0.0,0.0,0.0,0.0,200,False,1787940299.4739509
web,88,8,,True,,,0.0032056000200100243,0.0,0.0,0.0,0.0,200,False,1787940304.4805598
web,88,9,,True,,,0.020722199988085777,0.0,0.0,0.0,0.0,200,False,1787940309.48432
web,89,0,,True,,,0.503042500000447,0.0,0.0,0.0,0.0,200,False,1787940263.647432
web,89,1,,True,,,0.004669699992518872,0.0,0.0,0.0,0.0,200,False,1787940269.1505492
web,89,2,,True,,,0.002798000001348555,0.0,0.0,0.0,0.0,200,False,1787940274.1552908
web,89,3,,True,,,0.0021760999807156622,0.0,0.0,0.0,0.0,200,False,1787940279.158509
web,89,4,,True,,,0.01582329999655485,0.0,0.0,0.0,0.0,200,False,1787940284.1614528
web,89,5,,True,,,0.004263099981471896,0.0,0.0,0.0,0.0,200,False,1787940289.178811
web,89,6,,True,,,0.02085349999833852,0.0,0.0,0.0,0.0,200,False,1787940294.1838481
web,89,7,,True,,,0.018184699991252273,0.0,0.0,0.0,0.0,200,False,1787940299.2055955
web,89,8,,True,,,0.02779359999112785,0.0,0.0,0.0,0.0,200,False,1787940304.2242572
web,89,9,,True,,,0.013780999986920506,0.0,0.0,0.0,0.0,200,False,1787940309.2522416
web,90,0,,True,,,0.7974124000174925,0.0,0.0,0.0,0.0,200,False,1787940263.5967412
web,90,1,,True,,,0.026241599989589304,0.0,0.0,0.0,0.0,200,False,1787940269.3948832
web,90,2,,True,,,0.030863499967381358,0.0,0.0,0.0,0.0,200,False,1787940274.4212315
web,90,3,,True,,,0.005561300029512495,0.0,0.0,0.0,0.0,200,False,1787940279.452692
web,90,4,,True,,,0.006439800024963915,0.0,0.0,0.0,0.0,200,False,1787940284.4587324
web,90,5,,True,,,0.01927580003393814,0.0,0.0,0.0,0.0,200,False,1787940289.465542
web,90,6,,True,,,0.006688099994789809,0.0,0.0,0.0,0.0,200,False,1787940294.4853861
web,90,7,,True,,,0.012454399955458939,0.0,0.0,0.0,0.0,200,False,1787940299.4922113
web,90,8,,True,,,0.017252199992071837,0.0,0.0,0.0,0.0,200,False,1787940304.5049744
web,90,9,,True,,,0.033640599984209985,0.0,0.0,0.0,0.0,200,False,1787940309.5227392
web,91,0,,True,,,0.6200426000286825,0.0,0.0,0.0,0.0,200,False,1787940263.772222
web,91,1,,True,,,0.012519500043708831,0.0,0.0,0.0,0.0,200,False,1787940269.3927283
web,91,2,,True,,,0.011159300047438592,0.0,0.0,0.0,0.0,200,False,1787940274.4057288
web,91,3,,True,,,0.022115100000519305,0.0,0.0,0.0,0.0,200,False,1787940279.4173186
web,91,4,,True,,,0.018490899994503707,0.0,0.0,0.0,0.0,200,False,1787940284.4400275
web,91,5,,True,,,0.008035799954086542,0.0,0.0,0.0,0.0,200,False,1787940289.459218
web,91,6,,True,,,0.021943499974440783,0.0,0.0,0.0,0.0,200,False,1787940294.4675415
web,91,7,,True,,,0.008311999961733818,0.0,0.0,0.0,0.0,200,False,1787940299.4911401
web,91,8,,True,,,0.01033259998075664,0.0,0.0,0.0,0.0,200,False,1787940304.4996705
web,91,9,,True,,,0.029267300036735833,0.0,0.0,0.0,0.0,200,False,1787940309.510353
web,92,0,,True,,,0.842468699964229,0.0,0.0,0.0,0.0,200,False,1787940263.5497663
web,92,1,,True,,,0.010665700014214963,0.0,0.0,0.0,0.0,200,False,1787940269.3923707
web,92,2,,True,,,0.020233999995980412,0.0,0.0,0.0,0.0,200,False,1787940274.4038684
web,92,3,,True,,,0.01182459999108687,0.0,0.0,0.0,0.0,200,False,1787940279.4243538
web,92,4,,True,,,0.007324300007894635,0.0,0.0,0.0,0.0,200,False,1787940284.4366817
web,92,5,,True,,,0.027714400028344244,0.0,0.0,0.0,0.0,200,False,1787940289.4444022
web,92,6,,True,,,0.009846000000834465,0.0,0.0,0.0,0.0,200,False,1787940294.4726844
web,92,7,,True,,,0.004942699975799769,0.0,0.0,0.0,0.0,200,False,1787940299.4829156
web,92,8,,True,,,0.021501500043086708,0.0,0.0,0.0,0.0,200,False,1787940304.4881053
web,92,9,,True,,,0.00879480002913624,0.0,0.0,0.0,0.0,200,False,1787940309.510497
web,93,0,,True,,,0.6498887999914587,0.0,0.0,0.0,0.0,200,False,1787940263.7090893
web,93,1,,True,,,0.025518700014799833,0.0,0.0,0.0,0.0,200,False,1787940269.359692
web,93,2,,True,,,0.010158499993849546,0.0,0.0,0.0,0.0,200,False,1787940274.38615
web,93,3,,True,,,0.0020221000304445624,0.0,0.0,0.0,0.0,200,False,1787940279.396598
web,93,4,,True,,,0.00225349998800084,0.0,0.0,0.0,0.0,200,False,1787940284.3991792
web,93,5,,True,,,0.022572799993213266,0.0,0.0,0.0,0.0,200,False,1787940289.4025843
web,93,6,,True,,,0.0180578000145033,0.0,0.0,0.0,0.0,200,False,1787940294.425473
web,93,7,,True,,,0.004444999969564378,0.0,0.0,0.0,0.0,200,False,1787940299.4446774
web,93,8,,True,,,0.014031499973498285,0.0,0.0,0.0,0.0,200,False,1787940304.451626
web,93,9,,True,,,0.02870620001340285,0.0,0.0,0.0,0.0,200,False,1787940309.4658163
web,94,0,,True,,,0.5853342000045814,0.0,0.0,0.0,0.0,200,False,1787940263.5332308
web,94,1,,True,,,0.004380700003821403,0.0,0.0,0.0,0.0,200,False,1787940269.1190941
web,94,2,,True,,,0.030328799970448017,0.0,0.0,0.0,0.0,200,False,1787940274.123665
web,94,3,,True,,,0.014720999985001981,0.0,0.0,0.0,0.0,200,False,1787940279.1545768
web,94,4,,True,,,0.022054900007788092,0.0,0.0,0.0,0.0,200,False,1787940284.1699116
web,94,5,,True,,,0.0038912000018171966,0.0,0.0,0.0,0.0,200,False,1787940289.1933768
web,94,6,,True,,,0.022811499948147684,0.0,0.0,0.0,0.0,200,False,1787940294.197456
web,94,7,,True,,,0.018114599981345236,0.0,0.0,0.0,0.0,200,False,1787940299.2207096
web,94,8,,True,,,0.02824830001918599,0.0,0.0,0.0,0.0,200,False,1787940304.2395997
web,94,9,,True,,,0.015622399980202317,0.0,0.0,0.0,0.0,200,False,1787940309.2683592
web,95,0,,True,,,0.8231284999637865,0.0,0.0,0.0,0.0,200,False,1787940263.5334148
web,95,1,,True,,,0.014897699991706759,0.0,0.0,0.0,0.0,200,False,1787940269.3576314
web,95,2,,True,,,0.0029431000002659857,0.0,0.0,0.0,0.0,200,False,1787940274.373127
web,95,3,,True,,,0.029319200024474412,0.0,0.0,0.0,0.0,200,False,1787940279.376256
web,95,4,,True,,,0.007580299978144467,0.0,0.0,0.0,0.0,200,False,1787940284.406372
web,95,5,,True,,,0.00460029998794198,0.0,0.0,0.0,0.0,200,False,1787940289.414069
web,95,6,,True,,,0.024047299986705184,0.0,0.0,0.0,0.0,200,False,1787940294.4191008
web,95,7,,True,,,0.005210299976170063,0.0,0.0,0.0,0.0,200,False,1787940299.4435942
web,95,8,,True,,,0.00892220000969246,0.0,0.0,0.0,0.0,200,False,1787940304.449094
web,95,9,,True,,,0.015176400018390268,0.0,0.0,0.0,0.0,200,False,1787940309.4585319
web,96,0,,True,,,0.16633310000179335,0.0,0.0,0.0,0.0,200,False,1787940264.2278092
web,96,1,,True,,,0.02532219997374341,0.0,0.0,0.0,0.0,200,False,1787940269.395057
web,96,2,,True,,,0.03240590001223609,0.0,0.0,0.0,0.0,200,False,1787940274.420686
web,96,3,,True,,,0.027841799950692803,0.0,0.0,0.0,0.0,200,False,1787940279.453606
web,96,4,,True,,,0.005879900010768324,0.0,0.0,0.0,0.0,200,False,1787940284.481853
web,96,5,,True,,,0.027097299986053258,0.0,0.0,0.0,0.0,200,False,1787940289.487928
web,96,6,,True,,,0.016965499962680042,0.0,0.0,0.0,0.0,200,False,1787940294.5154638
web,96,7,,True,,,0.019841099972836673,0.0,0.0,0.0,0.0,200,False,1787940299.532928
web,96,8,,True,,,0.025906499999109656,0.0,0.0,0.0,0.0,200,False,1787940304.55309
web,96,9,,True,,,0.018074299965519458,0.0,0.0,0.0,0.0,200,False,1787940309.579383
web,97,0,,True,,,0.8227461999631487,0.0,0.0,0.0,0.0,200,False,1787940263.533717
web,97,1,,True,,,0.01443229999858886,0.0,0.0,0.0,0.0,200,False,1787940269.3568344
web,97,2,,True,,,0.01723549998132512,0.0,0.0,0.0,0.0,200,False,1787940274.3714874
web,97,3,,True,,,0.004539899993687868,0.0,0.0,0.0,0.0,200,False,1787940279.3890996
web,97,4,,True,,,0.01957479998236522,0.0,0.0,0.0,0.0,200,False,1787940284.3941517
web,97,5,,True,,,0.00524640001822263,0.0,0.0,0.0,0.0,200,False,1787940289.4141717
web,97,6,,True,,,0.023726099985651672,0.0,0.0,0.0,0.0,200,False,1787940294.4195383
web,97,7,,True,,,0.01482790004229173,0.0,0.0,0.0,0.0,200,False,1787940299.444252
web,97,8,,True,,,0.008991499955300242,0.0,0.0,0.0,0.0,200,False,1787940304.4595919
web,97,9,,True,,,0.024266400025226176,0.0,0.0,0.0,0.0,200,False,1787940309.4693403
web,98,0,,True,,,0.6663375999778509,0.0,0.0,0.0,0.0,200,False,1787940263.7068899
web,98,1,,True,,,0.017341300030238926,0.0,0.0,0.0,0.0,200,False,1787940269.3734622
web,98,2,,True,,,0.013085999991744757,0.0,0.0,0.0,0.0,200,False,1787940274.391125
web,98,3,,True,,,0.005915399990044534,0.0,0.0,0.0,0.0,200,False,1787940279.4045894
web,98,4,,True,,,0.0071656000218354166,0.0,0.0,0.0,0.0,200,False,1787940284.4107535
web,98,5,,True,,,0.003546199994161725,0.0,0.0,0.0,0.0,200,False,1787940289.4181426
web,98,6,,True,,,0.021559900022111833,0.0,0.0,0.0,0.0,200,False,1787940294.4221592
web,98,7,,True,,,0.005356000037863851,0.0,0.0,0.0,0.0,200,False,1787940299.4445097
web,98,8,,True,,,0.007178800005931407,0.0,0.0,0.0,0.0,200,False,1787940304.450496
web,98,9,,True,,,0.002662000013515353,0.0,0.0,0.0,0.0,200,False,1787940309.4580212
web,99,0,,True,,,0.5842645000084303,0.0,0.0,0.0,0.0,200,False,1787940263.5665185
web,99,1,,True,,,0.004388700006529689,0.0,0.0,0.0,0.0,200,False,1787940269.1511588
web,99,2,,True,,,0.0027062000008299947,0.0,0.0,0.0,0.0,200,False,1787940274.1559691
web,99,3,,True,,,0.029445899999700487,0.0,0.0,0.0,0.0,200,False,1787940279.1590052
web,99,4,,True,,,0.019731199950911105,0.0,0.0,0.0,0.0,200,False,1787940284.18929
web,99,5,,True,,,0.029717199970036745,0.0,0.0,0.0,0.0,200,False,1787940289.2095137
web,99,6,,True,,,0.02969749999465421,0.0,0.0,0.0,0.0,200,False,1787940294.2401276
web,99,7,,True,,,0.014242300007026643,0.0,0.0,0.0,0.0,200,False,1787940299.2704546
web,99,8,,True,,,0.01428870001109317,0.0,0.0,0.0,0.0,200,False,1787940304.2853189
web,99,9,,True,,,0.015136400004848838,0.0,0.0,0.0,0.0,200,False,1787940309.300333
baseline,0,1,星耀X1的电池容量是多少?,True,,,2.038424299971666,1.0100205999915488,0.9991519000031985,0.00015440001152455807,0.02908700000261888,0,True,1787940309.6055093
baseline,0,2,星耀X1和星河S2哪款更便宜?,True,,,1.3123961000237614,0.18147910002153367,1.1146003000321798,4.610000178217888e-05,0.01626060000853613,0,False,1787940311.643989
baseline,0,3,星跃智能手表的价格是多少?,True,,,0.8960961999837309,0.14657450001686811,0.7213482000515796,3.779999678954482e-05,0.02812670002458617,0,False,1787940312.9564295
baseline,0,4,清透防晒霜的防晒指数是多少?,True,,,0.9296226999722421,0.14998329995432869,0.7515044999890961,3.950000973418355e-05,0.028087200014851987,0,False,1787940313.852568
baseline,0,5,洗发水是氨基酸配方吗?,True,,,1.0482258000411093,0.15617269999347627,0.8631864999770187,4.190002800896764e-05,0.028814600023906678,0,False,1787940314.782241
baseline_faithful,0,1,每日坚果礼盒一箱有多少包?,True,,,1.4152328000054695,0.7547057999763638,0.6563621999812312,3.5999983083456755e-05,0.004121300007682294,0,False,1787940316.611008
baseline_faithful,0,2,挂耳咖啡怎么冲泡最好喝?,True,,,2.3203148000175133,0.8020627000369132,1.4909023999935016,4.280003486201167e-05,0.0272969999932684,0,False,1787940318.0262902
warmup,0,1,星耀X1和星河S2哪款更便宜?,True,,,1.786532400001306,0.478772200003732,1.2917209999868646,4.5199994929134846e-05,0.01598179998109117,0,False,1787940320.3621125
warmup,0,2,星跃智能手表的价格是多少?,True,,,1.0763256999780424,0.38731259998166934,0.6694938000291586,3.270001616328955e-05,0.019446499994955957,0,False,1787940340.3629293
warmup,0,3,清透防晒霜的防晒指数是多少?,True,,,1.2267395000089891,0.2820476000197232,0.9140244000009261,5.8800040278583765e-05,0.03060100000584498,0,False,1787940360.362673
warmup,1,1,星跃智能手表的价格是多少?,True,,,0.977637899981346,0.18674959999043494,0.7597067999886349,3.3999967854470015e-05,0.03113600000506267,0,False,1787940320.3492808
warmup,1,2,清透防晒霜的防晒指数是多少?,True,,,1.1348957999725826,0.306487699970603,0.8163957999786362,4.800001624971628e-05,0.011926200008019805,0,False,1787940340.3498535
warmup,1,3,洗发水是氨基酸配方吗?,True,,,1.0422875999938697,0.3315892999526113,0.7020509000285529,2.540001878514886e-05,0.00861560000339523,0,False,1787940360.349809
warmup,2,1,清透防晒霜的防晒指数是多少?,True,,,1.33244739996735,0.38835339999059215,0.9115094000007957,5.91999851167202e-05,0.03251360001740977,0,False,1787940320.3511634
warmup,2,2,洗发水是氨基酸配方吗?,True,,,1.0727057000040077,0.3119336999952793,0.7367974999942817,3.42000275850296e-05,0.023931699979584664,0,False,1787940340.3516178
warmup,2,3,每日坚果礼盒一箱有多少包?,True,,,0.9793624999583699,0.3317924999864772,0.6392433000146411,3.8300000596791506e-05,0.008279000001493841,0,False,1787940360.3521216
warmup,3,1,洗发水是氨基酸配方吗?,True,,,1.1795887000043876,0.3789705000235699,0.7723939000279643,6.249995203688741e-05,0.028152399987448007,0,False,1787940320.3516717
warmup,3,2,每日坚果礼盒一箱有多少包?,True,,,0.8949324000277556,0.30676190002122894,0.5607732000062242,2.2599997464567423e-05,0.027369300019927323,0,False,1787940340.3533065
warmup,3,3,挂耳咖啡怎么冲泡最好喝?,True,,,2.2247296999557875,0.30121399997733533,1.8877086999709718,0.00018699996871873736,0.035591799998655915,0,False,1787940360.3525915
warmup,4,1,每日坚果礼盒一箱有多少包?,True,,,1.223131700011436,0.3855757000274025,0.8307062999811023,4.229997284710407e-05,0.006799599970690906,0,False,1787940320.3514743
warmup,4,2,挂耳咖啡怎么冲泡最好喝?,True,,,2.3873068000539206,0.4195006000227295,1.9322256000014022,3.91000066883862e-05,0.03552999999374151,0,False,1787940340.3525596
warmup,4,3,恒温保温杯能保温多久?,True,,,2.0292291999794543,0.2956110999803059,1.6957222999772057,4.239997360855341e-05,0.03784460003953427,0,False,1787940360.351612
qa,0,1,星耀X1和星河S2哪款更便宜?,True,,,1.6240132999955676,0.38744399999268353,1.2249114000005648,2.0799983758479357e-05,0.011632300040218979,0,False,1787940362.6257997
qa,0,2,星跃智能手表的价格是多少?,True,,,4.636082999990322,3.9880052999942563,0.6236800000187941,1.839996548369527e-05,0.024375000037252903,0,False,1787940382.6263657
qa,0,3,清透防晒霜的防晒指数是多少?,True,,,2.3614431000314653,1.4785097999847494,0.8353142000269145,9.599956683814526e-06,0.04760400002123788,0,False,1787940402.6332011
qa,0,4,洗发水是氨基酸配方吗?,True,,,2.343800399976317,1.5003913000109605,0.8102784999646246,4.239997360855341e-05,0.033081900037359446,0,False,1787940422.631398
qa,0,5,每日坚果礼盒一箱有多少包?,True,,,4.3949787999736145,3.7277553000021726,0.6415693000308238,3.5699980799108744e-05,0.0256095000077039,0,False,1787940442.6331425
qa,0,6,挂耳咖啡怎么冲泡最好喝?,True,,,2.4278845000080764,0.6650687000364996,1.7286629000445828,2.459995448589325e-05,0.03412279998883605,0,False,1787940462.6308465
qa,1,1,星跃智能手表的价格是多少?,True,,,4.625262799963821,3.8895828999811783,0.7259302999591455,2.139998832717538e-05,0.009723399998620152,0,False,1787940362.6163466
qa,1,2,清透防晒霜的防晒指数是多少?,True,,,4.8041764999506995,3.97109189996263,0.8243961000116542,2.3500004317611456e-05,0.008659400045871735,0,False,1787940382.621366
qa,1,3,洗发水是氨基酸配方吗?,True,,,4.693045599968173,3.8946600999915972,0.7927465999964625,2.5500019546598196e-05,0.005608299979940057,0,False,1787940402.619047
qa,1,4,每日坚果礼盒一箱有多少包?,True,,,2.535650599980727,1.5318189000245184,0.9579091999912634,1.639995025470853e-05,0.04590210004244,0,False,1787940422.619482
qa,1,5,挂耳咖啡怎么冲泡最好喝?,True,,,5.567590000049677,4.0155011000460945,1.52658160001738,4.3899985030293465e-05,0.025457600015215576,0,False,1787940442.6184046
qa,1,6,恒温保温杯能保温多久?,True,,,5.734687199990731,4.1440200000070035,1.5820487000164576,2.1599989850074053e-05,0.008590599987655878,0,False,1787940462.6193693
qa,2,1,清透防晒霜的防晒指数是多少?,True,,,1.2297154999687336,0.320032799965702,0.8820536000421271,2.1600048057734966e-05,0.027603299997281283,0,False,1787940362.6188805
qa,2,2,洗发水是氨基酸配方吗?,True,,,1.2344666999997571,0.4295032999943942,0.7939682000433095,1.7200014553964138e-05,0.01097270002355799,0,False,1787940382.6284719
qa,2,3,每日坚果礼盒一箱有多少包?,True,,,3.291677799948957,2.6574640999897383,0.6167029999778606,1.550000160932541e-05,0.017491400009021163,0,False,1787940402.6230743
qa,2,4,挂耳咖啡怎么冲泡最好喝?,True,,,3.9997744000284,2.345859399996698,1.638371700013522,1.8599967006593943e-05,0.015519500011578202,0,False,1787940422.6189244
qa,2,5,恒温保温杯能保温多久?,False,429,"Error code: 429 - {'error': {'message': 'You have exceeded your current request limit. For details, see: https://help.aliyun.com/zh/model-studio/error-code#rate-limit', 'type': 'limit_requests', 'para",4.082048700016458,0.0,0.0,0.0,0.0,0,False,1787940442.6231093
qa,2,6,乳胶记忆枕是什么材质的?,True,,,2.529294200008735,1.5103163000312634,0.9996242000488564,2.050003968179226e-05,0.01932609995128587,0,False,1787940462.620744
qa,3,1,洗发水是氨基酸配方吗?,True,,,1.147590600012336,0.19456400000490248,0.9407463999814354,4.090002039447427e-05,0.012234400026500225,0,False,1787940362.6104577
qa,3,2,每日坚果礼盒一箱有多少包?,True,,,3.2788833000231534,2.685666000004858,0.5820022000116296,1.9300030544400215e-05,0.011190299992449582,0,False,1787940382.6121864
qa,3,3,挂耳咖啡怎么冲泡最好喝?,True,,,2.238691199978348,0.31938659999286756,1.9129060999839567,2.069998299703002e-05,0.006373100040946156,0,False,1787940402.6107185
qa,3,4,恒温保温杯能保温多久?,True,,,2.1116440999903716,0.2941554000135511,1.8066039999830537,1.7799960914999247e-05,0.010862099996302277,0,False,1787940422.6124897
qa,3,5,乳胶记忆枕是什么材质的?,True,,,2.4699990000226535,1.592251900001429,0.868171899986919,2.2099993657320738e-05,0.009548200003337115,0,False,1787940442.6122732
qa,3,6,四件套是什么面料?,True,,,1.6701838999870233,0.548402399988845,1.07545870001195,2.0099978428333998e-05,0.046297999972011894,0,False,1787940462.6112843
qa,4,1,每日坚果礼盒一箱有多少包?,True,,,1.1145950000500306,0.5102967999991961,0.5900230000261217,1.8599967006593943e-05,0.01425000000745058,0,False,1787940362.6115937
qa,4,2,挂耳咖啡怎么冲泡最好喝?,True,,,1.7846836000098847,0.3314381999662146,1.4101306999800727,1.3200042303651571e-05,0.04309690004447475,0,False,1787940382.612509
qa,4,3,恒温保温杯能保温多久?,True,,,1.5883980999933556,0.34886190004181117,1.2290600000414997,1.4699995517730713e-05,0.01045719999819994,0,False,1787940402.6126325
qa,4,4,乳胶记忆枕是什么材质的?,True,,,1.3419915999984369,0.3535046000033617,0.9506201000185683,1.899997005239129e-05,0.03784210002049804,0,False,1787940422.6142168
qa,4,5,四件套是什么面料?,True,,,1.2580896000145003,0.31818340002791956,0.9250990000437014,1.8099963199347258e-05,0.01478500000666827,0,False,1787940442.6142554
qa,4,6,轻羽无线吸尘器续航多长?,True,,,3.5660374999861233,2.6832554999855347,0.8727275000419468,2.0400038920342922e-05,0.010027799988165498,0,False,1787940462.6136756
qa,5,1,挂耳咖啡怎么冲泡最好喝?,True,,,3.552907800010871,1.6284021000028588,1.8794657999533229,1.98000343516469e-05,0.04501579998759553,0,False,1787940362.61088
qa,5,2,恒温保温杯能保温多久?,True,,,1.9058315000147559,0.47818909998750314,1.4214074999908917,1.92999723367393e-05,0.00621100002899766,0,False,1787940382.6127527
qa,5,3,乳胶记忆枕是什么材质的?,True,,,1.284256600018125,0.3016613000072539,0.9455241999821737,2.0000035874545574e-05,0.03704609995475039,0,False,1787940402.6110892
qa,5,4,四件套是什么面料?,True,,,5.110057800018694,4.101299999980256,0.9992008000263013,2.5399960577487946e-05,0.00952680001500994,0,False,1787940422.6148534
qa,5,5,轻羽无线吸尘器续航多长?,True,,,1.5794395999982953,0.3295187000185251,1.1806828000117093,4.439998883754015e-05,0.06918360001873225,0,False,1787940442.6127198
qa,5,6,轻量跑步鞋适合什么场景?,True,,,3.5910001000156626,2.6273743000347167,0.9357297000242397,1.580000389367342e-05,0.02787180000450462,0,False,1787940462.6120892
qa,6,1,恒温保温杯能保温多久?,True,,,2.4023051999974996,1.3410556999733672,1.048712500021793,1.650000922381878e-05,0.012516999966464937,0,False,1787940362.616533
qa,6,2,乳胶记忆枕是什么材质的?,True,,,1.1354224000242539,0.3270560000091791,0.7935308999731205,1.939997309818864e-05,0.014809900021646172,0,False,1787940382.620936
qa,6,3,四件套是什么面料?,True,,,1.2450498000252992,0.33241829997859895,0.8893831000314094,1.5400000847876072e-05,0.02322850003838539,0,False,1787940402.6188056
qa,6,4,轻羽无线吸尘器续航多长?,True,,,1.4152849999954924,0.3051825999864377,1.0853403999935836,1.699995482340455e-05,0.024739600019529462,0,False,1787940422.6190987
qa,6,5,轻量跑步鞋适合什么场景?,True,,,1.5172230000025593,0.5782252000062726,0.8892996999784373,1.8300022929906845e-05,0.04967549996217713,0,False,1787940442.617015
qa,6,6,帐篷的防雨性能怎么样?,True,,,1.5454386999481358,0.46846679999725893,1.0536805000156164,1.479999627918005e-05,0.023272400023415685,0,False,1787940462.6190226
qa,7,1,乳胶记忆枕是什么材质的?,True,,,1.4889183000195771,0.4661955000483431,0.8853463999694213,4.6200002543628216e-05,0.13732029998209327,0,False,1787940362.6117702
qa,7,2,四件套是什么面料?,True,,,1.4860007000388578,0.4187618000432849,1.0403640000149608,3.549997927621007e-05,0.026833700016140938,0,False,1787940382.614038
qa,7,3,轻羽无线吸尘器续航多长?,True,,,3.7908942999783903,2.756232399959117,1.0230400000000373,1.4199991710484028e-05,0.011603199993260205,0,False,1787940402.6129217
qa,7,4,轻量跑步鞋适合什么场景?,True,,,5.068438599992078,3.9701910000294447,1.0877975999610499,2.0299979951232672e-05,0.010424400039482862,0,False,1787940422.6157813
qa,7,5,帐篷的防雨性能怎么样?,True,,,4.67900499998359,3.74999929999467,0.9163268000120297,2.239999594166875e-05,0.012648699979763478,0,False,1787940442.6194415
qa,7,6,牛仔裤的尺码怎么选?,True,,,9.18343079998158,2.602174300001934,6.550954499980435,5.3099996875971556e-05,0.030239199986681342,0,False,1787940462.6127667
qa,8,1,四件套是什么面料?,True,,,2.520970000012312,1.3947093000169843,1.1181998999672942,2.2799998987466097e-05,0.008032599987927824,0,False,1787940362.6158738
qa,8,2,轻羽无线吸尘器续航多长?,True,,,2.8944286999758333,1.948824999970384,0.9300635000108741,2.4200009647756815e-05,0.015510099998209625,0,False,1787940382.619408
qa,8,3,轻量跑步鞋适合什么场景?,True,,,4.854469599958975,3.70131879998371,1.139962600020226,4.090002039447427e-05,0.013138500042259693,0,False,1787940402.6185393
qa,8,4,帐篷的防雨性能怎么样?,True,,,2.610207400051877,1.5304044000222348,1.0709943000110798,1.869996776804328e-05,0.008785700018052012,0,False,1787940422.6178083
qa,8,5,牛仔裤的尺码怎么选?,True,,,7.409877699974459,0.33122029999503866,7.0444233999587595,0.0002172000240534544,0.03400229994440451,0,False,1787940442.6185637
qa,8,6,儿童安全座椅安装要注意什么?,True,,,5.269138000032399,3.823042700008955,1.4034094999660738,3.360002301633358e-05,0.04264639999018982,0,False,1787940462.6177866
qa,9,1,轻羽无线吸尘器续航多长?,True,,,1.3128717999788933,0.20834329997887835,1.0917342000175267,2.1099986042827368e-05,0.012768699962180108,0,False,1787940362.6113553
qa,9,2,轻量跑步鞋适合什么场景?,True,,,3.7406641999841668,2.7127560999942943,1.0206749999779277,2.7399975806474686e-05,0.007196000020485371,0,False,1787940382.6130204
qa,9,3,帐篷的防雨性能怎么样?,True,,,2.6106567999813706,1.5266912000370212,1.0749520999961533,1.9900035113096237e-05,0.008990100002847612,0,False,1787940402.6119509
qa,9,4,牛仔裤的尺码怎么选?,True,,,10.395101200032514,0.39676020003389567,9.96697749994928,6.260001100599766e-05,0.03129089996218681,0,False,1787940422.6154182
qa,9,5,儿童安全座椅安装要注意什么?,True,,,5.936415600008331,4.051126900012605,1.8617908000014722,2.080004196614027e-05,0.023469199950341135,0,False,1787940442.6133668
qa,9,6,婴儿推车适合多大的宝宝?,True,,,1.9197567999945022,0.3988857999793254,1.5106358000193723,7.070001447573304e-05,0.0101577999885194,0,False,1787940462.61296
qa,10,1,轻量跑步鞋适合什么场景?,True,,,1.5281974999816157,0.41195340000558645,1.0804954000050202,2.1099986042827368e-05,0.03572290000738576,0,False,1787940362.6111262
qa,10,2,帐篷的防雨性能怎么样?,True,,,3.570203799987212,2.580609900003765,0.9637419999926351,1.799996243789792e-05,0.025828299985732883,0,False,1787940382.613271
qa,10,3,牛仔裤的尺码怎么选?,True,,,8.044830100028776,1.4102510000229813,6.597629299969412,4.799995804205537e-05,0.03688910003984347,0,False,1787940402.6116192
qa,10,4,儿童安全座椅安装要注意什么?,True,,,3.039501199964434,1.433258000004571,1.5983280999935232,1.9300030544400215e-05,0.007891500019468367,0,False,1787940422.6128325
qa,10,5,婴儿推车适合多大的宝宝?,True,,,3.3599792000022717,1.67557050002506,1.679679099994246,1.699995482340455e-05,0.004706900042947382,0,False,1787940442.6158404
qa,10,6,全价猫粮开封后多久要吃完?,True,,,1.4578067000256851,0.6445310999988578,0.7851553999935277,4.279997665435076e-05,0.028067999985069036,0,False,1787940462.6116123
qa,11,1,帐篷的防雨性能怎么样?,True,,,1.5947974000009708,0.21297929994761944,1.315731400041841,2.370000584051013e-05,0.06605730002047494,0,False,1787940362.6161509
qa,11,2,牛仔裤的尺码怎么选?,True,,,10.10996160004288,0.6353632000391372,9.442359399981797,4.5599997974932194e-05,0.03218520001973957,0,False,1787940382.621851
qa,11,3,儿童安全座椅安装要注意什么?,True,,,3.76290740002878,1.5628401000285521,2.1923678000457585,3.5800039768218994e-05,0.007656600035261363,0,False,1787940402.6195462
qa,11,4,婴儿推车适合多大的宝宝?,True,,,2.1505409000092186,0.3365972999599762,1.8014552000095136,3.2800016924738884e-05,0.012447200017049909,0,False,1787940422.6179974
qa,11,5,全价猫粮开封后多久要吃完?,True,,,2.451301099965349,0.42422159999841824,2.0003634999739006,1.4999997802078724e-05,0.026696000015363097,0,False,1787940442.6208978
qa,11,6,宠物自动饮水机的滤芯多久换一次?,True,,,2.3224692000076175,1.5864057000144385,0.727399899973534,2.8199981898069382e-05,0.00863039999967441,0,False,1787940462.6185622
qa,12,1,牛仔裤的尺码怎么选?,True,,,12.752232700004242,0.5208422999712639,12.210848100017756,5.9800047893077135e-05,0.020473400014452636,0,False,1787940362.6131513
qa,12,2,儿童安全座椅安装要注意什么?,True,,,5.5418949000304565,4.19408340001246,1.3111390999983996,3.070000093430281e-05,0.03661650000140071,0,False,1787940382.6152864
qa,12,3,婴儿推车适合多大的宝宝?,True,,,3.0057092999923043,1.4083343999809586,1.5703818000038154,2.039998071268201e-05,0.026967499987222254,0,False,1787940402.6178393
qa,12,4,全价猫粮开封后多久要吃完?,True,,,4.880968999990728,4.122007100027986,0.748279299994465,4.099996294826269e-05,0.01063510001404211,0,False,1787940422.6186244
qa,12,5,宠物自动饮水机的滤芯多久换一次?,True,,,2.173968099988997,1.3754609000170603,0.7832144999993034,3.0099996365606785e-05,0.015256499988026917,0,False,1787940442.618002
qa,12,6,智能电饭煲有哪些功能?,True,,,1.6425774000235833,0.35328139999182895,1.2126613999716938,2.9799994081258774e-05,0.07659569999668747,0,False,1787940462.6164994
qa,13,1,儿童安全座椅安装要注意什么?,True,,,7.991138199984562,4.131500799965579,3.819984600006137,3.920000744983554e-05,0.03960170003119856,0,False,1787940362.629749
qa,13,2,婴儿推车适合多大的宝宝?,True,,,5.318749399972148,4.065646299975924,1.2436424000188708,2.2899999748915434e-05,0.009431299986317754,0,False,1787940382.6378016
qa,13,3,全价猫粮开封后多久要吃完?,True,,,4.845102499995846,3.9385296999826096,0.9007301999954507,1.7899961676448584e-05,0.005820200021844357,0,False,1787940402.6403658
qa,13,4,宠物自动饮水机的滤芯多久换一次?,True,,,1.2961050000158139,0.6124616999877617,0.6591140999807976,2.2099993657320738e-05,0.024500800005625933,0,False,1787940422.6349726
qa,13,5,智能电饭煲有哪些功能?,True,,,4.003415599989239,2.5675073000020348,1.4192886999808252,1.580000389367342e-05,0.016599499969743192,0,False,1787940442.6376553
qa,13,6,星河S2手机的内存是多少?,True,,,2.387657199986279,1.535545299993828,0.8076930000097491,1.7600017599761486e-05,0.04439609998371452,0,False,1787940462.6379526
qa,14,1,婴儿推车适合多大的宝宝?,True,,,1.817822300014086,0.16989090002607554,1.6347418000223115,2.340000355616212e-05,0.013160599977709353,0,False,1787940362.6166968
qa,14,2,全价猫粮开封后多久要吃完?,True,,,1.2796615000115708,0.32963930000551045,0.9398792000138201,1.7700018361210823e-05,0.0101208999985829,0,False,1787940382.622443
qa,14,3,宠物自动饮水机的滤芯多久换一次?,True,,,1.941938999982085,1.364987199951429,0.5672376000438817,4.900002386420965e-05,0.009657700022216886,0,False,1787940402.6173613
qa,14,4,智能电饭煲有哪些功能?,True,,,1.6454604999744333,0.5177165999775752,1.1177309000049718,2.589996438473463e-05,0.009980699978768826,0,False,1787940422.6168752
qa,14,5,星河S2手机的内存是多少?,True,,,4.854002700012643,4.108672900008969,0.7285023999866098,5.360000068321824e-05,0.016767799970693886,0,False,1787940442.6192288
qa,14,6,星耀X1的电池容量是多少?,True,,,4.875418399984483,4.186448600026779,0.6762891000253148,4.640000406652689e-05,0.012626900046598166,0,False,1787940462.6196916
qa,15,1,全价猫粮开封后多久要吃完?,True,,,2.5158367000403814,1.6083042999962345,0.8922295999946073,1.9400031305849552e-05,0.015278899983968586,0,False,1787940362.6119661
qa,15,2,宠物自动饮水机的滤芯多久换一次?,True,,,1.1724766999832354,0.5068687999737449,0.6528962000156753,2.300000051036477e-05,0.012684099958278239,0,False,1787940382.6151435
qa,15,3,智能电饭煲有哪些功能?,True,,,1.8320664000348188,0.43852199998218566,1.3823400000110269,3.200001083314419e-05,0.011164599971380085,0,False,1787940402.6123433
qa,15,4,星河S2手机的内存是多少?,True,,,4.359267199994065,3.6979435000102967,0.65488170000026,3.750005271285772e-05,0.006398400000762194,0,False,1787940422.614531
qa,15,5,星耀X1的电池容量是多少?,True,,,1.4219946999801323,0.49048579996451735,0.8543766000075266,1.9000028260052204e-05,0.07710840000072494,0,False,1787940442.6150649
qa,15,6,星耀X1和星河S2哪款更便宜?,True,,,3.779305599979125,2.587411599990446,1.1848320999997668,1.3100041542202234e-05,0.007043100020382553,0,False,1787940462.6124942
qa,16,1,宠物自动饮水机的滤芯多久换一次?,True,,,2.0960251999786124,1.5194221999845468,0.569885200005956,2.2799998987466097e-05,0.00668940000468865,0,False,1787940362.6123009
qa,16,2,智能电饭煲有哪些功能?,True,,,4.100786999973934,2.643519999983255,1.433159500011243,1.1399970389902592e-05,0.024091199971735477,0,False,1787940382.6137059
qa,16,3,星河S2手机的内存是多少?,True,,,1.0763880999875255,0.35994399996707216,0.7071709000156261,4.079996142536402e-05,0.009224099980201572,0,False,1787940402.6130984
qa,16,4,星耀X1的电池容量是多少?,True,,,1.4639449999667704,0.5285366000025533,0.8598367000231519,2.9499991796910763e-05,0.07553410000400618,0,False,1787940422.6166654
qa,16,5,星耀X1和星河S2哪款更便宜?,False,429,"Error code: 429 - {'error': {'message': 'You have exceeded your current request limit. For details, see: https://help.aliyun.com/zh/model-studio/error-code#rate-limit', 'type': 'limit_requests', 'para",4.063162399979774,0.0,0.0,0.0,0.0,0,False,1787940442.617446
qa,16,6,星跃智能手表的价格是多少?,True,,,3.541896299982909,2.7959411999909207,0.7087433999986388,1.999997766688466e-05,0.03718629997456446,0,False,1787940462.613862
qa,17,1,智能电饭煲有哪些功能?,True,,,1.8672442000242881,0.37241330003598705,1.4866337000275962,3.5299977753311396e-05,0.00815619999775663,0,False,1787940362.6128469
qa,17,2,星河S2手机的内存是多少?,True,,,4.866256300010718,4.164626499987207,0.6882264000014402,1.8199963960796595e-05,0.013381700031459332,0,False,1787940382.615589
qa,17,3,星耀X1的电池容量是多少?,True,,,3.4710910999565385,2.581152099999599,0.8798934000078589,2.6900030206888914e-05,0.010013000050093979,0,False,1787940402.6143868
qa,17,4,星耀X1和星河S2哪款更便宜?,True,,,3.8437523000175133,2.762765199993737,1.0694545000442304,1.9700033590197563e-05,0.011508499970659614,0,False,1787940422.6160793
qa,17,5,星跃智能手表的价格是多少?,True,,,4.759371199994348,3.9928940999670886,0.7252268000156619,2.150004729628563e-05,0.0412225000327453,0,False,1787940442.619669
qa,17,6,清透防晒霜的防晒指数是多少?,True,,,4.5824741999967955,3.801296000019647,0.7565373000106774,1.7900019884109497e-05,0.02461849997052923,0,False,1787940462.6131213
qa,18,1,星河S2手机的内存是多少?,True,,,0.8536475000437349,0.1752146000508219,0.6640974000329152,1.729995710775256e-05,0.014312500017695129,0,False,1787940362.6154885
qa,18,2,星耀X1的电池容量是多少?,True,,,2.2866167000029236,1.4640452000312507,0.8159028999507427,2.1000043489038944e-05,0.006643899949267507,0,False,1787940382.619918
qa,18,3,星耀X1和星河S2哪款更便宜?,True,,,4.959221699973568,3.8834293999825604,1.069015600020066,2.150004729628563e-05,0.006751000008080155,0,False,1787940402.6180997
qa,18,4,星跃智能手表的价格是多少?,True,,,4.531183899962343,3.9098716999869794,0.6131289000040852,2.5699962861835957e-05,0.008152100024744868,0,False,1787940422.6176064
qa,18,5,清透防晒霜的防晒指数是多少?,True,,,4.781426700006705,3.970549200021196,0.8010908999713138,2.9399991035461426e-05,0.009752499987371266,0,False,1787940442.6224463
qa,18,6,洗发水是氨基酸配方吗?,True,,,1.6039013999979943,0.6359270999673754,0.8493311000056565,6.19000056758523e-05,0.11857340001733974,0,False,1787940462.616199
qa,19,1,星耀X1的电池容量是多少?,True,,,1.2750820000073873,0.3139464000123553,0.9525879999855533,2.1899992134422064e-05,0.008521599986124784,0,False,1787940362.612566
qa,19,2,星耀X1和星河S2哪款更便宜?,True,,,1.7525585000403225,0.5493313000188209,1.1872931999969296,1.8499966245144606e-05,0.01591080002253875,0,False,1787940382.6143687
qa,19,3,星跃智能手表的价格是多少?,True,,,3.2895256000338122,2.557621599989943,0.7250617000390776,2.2499996703118086e-05,0.006812300009187311,0,False,1787940402.6135623
qa,19,4,清透防晒霜的防晒指数是多少?,True,,,1.2667844999814406,0.5135165000101551,0.7260681999614462,2.640002639964223e-05,0.027167899999767542,0,False,1787940422.6164436
qa,19,5,洗发水是氨基酸配方吗?,True,,,1.2026165999704972,0.542425199993886,0.6402632999815978,2.589996438473463e-05,0.019895400037057698,0,False,1787940442.6156156
qa,19,6,每日坚果礼盒一箱有多少包?,True,,,5.006613900011871,4.268286400008947,0.7092627999954857,8.969998452812433e-05,0.0289667000179179,0,False,1787940462.6140409
qa,20,1,星耀X1和星河S2哪款更便宜?,True,,,3.9254152000066824,2.7196808999869972,1.192923000024166,1.7400016076862812e-05,0.012790000007953495,0,False,1787940362.6146407
qa,20,2,星跃智能手表的价格是多少?,True,,,4.984678399981931,4.115711799997371,0.861667099990882,2.0300038158893585e-05,0.007272999966517091,0,False,1787940382.6204178
qa,20,3,清透防晒霜的防晒指数是多少?,True,,,4.631503099983092,3.812904999998864,0.8039436999824829,2.500001573935151e-05,0.014622300048358738,0,False,1787940402.615109
qa,20,4,洗发水是氨基酸配方吗?,True,,,4.665158999967389,3.812657099973876,0.8454250000067987,2.719997428357601e-05,0.007044200028758496,0,False,1787940422.617422
qa,20,5,每日坚果礼盒一箱有多少包?,True,,,4.547116299974732,3.8250787999713793,0.6897365000331774,2.4800014216452837e-05,0.03226890001678839,0,False,1787940442.6187632
qa,20,6,挂耳咖啡怎么冲泡最好喝?,True,,,2.763935599999968,1.347870800003875,1.3898615000071004,1.9099970813840628e-05,0.026179599983152002,0,False,1787940462.6157947
qa,21,1,星跃智能手表的价格是多少?,True,,,1.247927599994,0.583484300004784,0.648277300002519,1.8900027498602867e-05,0.016141299973241985,0,False,1787940362.6136012
qa,21,2,清透防晒霜的防晒指数是多少?,True,,,4.897715599974617,4.13254079996841,0.7534604999818839,3.120000474154949e-05,0.011674799956381321,0,False,1787940382.6148252
qa,21,3,洗发水是氨基酸配方吗?,True,,,1.3861165000125766,0.41633630002615973,0.9149965000106022,1.6900012269616127e-05,0.05476269999053329,0,False,1787940402.6140442
qa,21,4,每日坚果礼盒一箱有多少包?,True,,,1.2794629000127316,0.4403262000414543,0.8254979000193998,2.0299979951232672e-05,0.013613299990538508,0,False,1787940422.6150472
qa,21,5,挂耳咖啡怎么冲泡最好喝?,True,,,3.355740099970717,1.605899199959822,1.7240136000327766,2.9200047720223665e-05,0.02579319995129481,0,False,1787940442.6165152
qa,21,6,恒温保温杯能保温多久?,True,,,2.1852607999462634,0.5590224999468774,1.612189400009811,2.929999027401209e-05,0.014014300017151982,0,False,1787940462.615329
qa,22,1,清透防晒霜的防晒指数是多少?,True,,,1.264815800008364,0.43757849995745346,0.8077103000250645,2.629996743053198e-05,0.01949490001425147,0,False,1787940362.6133528
qa,22,2,洗发水是氨基酸配方吗?,True,,,1.4642663999693468,0.4517824999638833,0.9321196000091732,1.9599974621087313e-05,0.0803396999835968,0,False,1787940382.6146193
qa,22,3,每日坚果礼盒一箱有多少包?,True,,,4.807986100029666,4.054604200005997,0.7465720999753103,2.1599989850074053e-05,0.006783300021197647,0,False,1787940402.6147747
qa,22,4,挂耳咖啡怎么冲泡最好喝?,True,,,4.59521230001701,2.7677672000136226,1.8183824999723583,2.139998832717538e-05,0.009033899987116456,0,False,1787940422.6137042
qa,22,5,恒温保温杯能保温多久?,True,,,5.155385399993975,3.7337773000472225,1.4151202000211924,2.1899992134422064e-05,0.006459399999585003,0,False,1787940442.6163003
qa,22,6,乳胶记忆枕是什么材质的?,True,,,4.897397299995646,3.959255399997346,0.9292522000032477,2.3200002033263445e-05,0.008861100010108203,0,False,1787940462.6144478
qa,23,1,洗发水是氨基酸配方吗?,True,,,2.3734436000231653,1.4439388000173494,0.8878057000110857,1.4599994756281376e-05,0.0416801999672316,0,False,1787940362.6138682
qa,23,2,每日坚果礼盒一箱有多少包?,True,,,1.197155700006988,0.5726403999724425,0.6100066000362858,1.5600002370774746e-05,0.014488200016785413,0,False,1787940382.6149604
qa,23,3,挂耳咖啡怎么冲泡最好喝?,True,,,2.6467028000042774,1.363248299981933,1.2737193999928422,4.1899969801306725e-05,0.009687200014013797,0,False,1787940402.6160367
qa,23,4,恒温保温杯能保温多久?,True,,,1.688699499994982,0.6070165999699384,1.0732800000114366,5.5699958465993404e-05,0.008341200009454042,0,False,1787940422.6192896
qa,23,5,乳胶记忆枕是什么材质的?,True,,,1.2678798999986611,0.44081169995479286,0.8072671000263654,2.519995905458927e-05,0.019769700011238456,0,False,1787940442.6168005
qa,23,6,四件套是什么面料?,True,,,2.2769387000007555,1.41647140000714,0.8505626000114717,3.5299977753311396e-05,0.009862599952612072,0,False,1787940462.615017
qa,24,1,每日坚果礼盒一箱有多少包?,True,,,2.2342260000295937,1.476553300046362,0.7479972000000998,1.9799976143985987e-05,0.009648800012655556,0,False,1787940362.6285434
qa,24,2,挂耳咖啡怎么冲泡最好喝?,True,,,2.670682099997066,1.3048697999911383,1.2999650999554433,2.370000584051013e-05,0.06581840000580996,0,False,1787940382.6345887
qa,24,3,恒温保温杯能保温多久?,True,,,3.22144739999203,1.5327791000017896,1.6846047000144608,9.899958968162537e-06,0.004049899987876415,0,False,1787940402.638612
qa,24,4,乳胶记忆枕是什么材质的?,True,,,4.904689699993469,3.926702899974771,0.9688443000195548,2.989999484270811e-05,0.009108699974603951,0,False,1787940422.6334307
qa,24,5,四件套是什么面料?,True,,,4.690449999994598,3.693288699956611,0.9848836000310257,2.3300002794712782e-05,0.012247900012880564,0,False,1787940442.6354284
qa,24,6,轻羽无线吸尘器续航多长?,True,,,1.6915039000450633,0.5557771000312641,1.1022368999547325,3.100000321865082e-05,0.0334535000147298,0,False,1787940462.6350584
qa,25,1,挂耳咖啡怎么冲泡最好喝?,True,,,5.363778400002047,3.780237600032706,1.5567627999698743,4.069996066391468e-05,0.02672970003914088,0,False,1787940362.614255
qa,25,2,恒温保温杯能保温多久?,True,,,5.557905399997253,3.887915100029204,1.6351694000186399,0.0001753999968059361,0.03462180000497028,0,False,1787940382.6191444
qa,25,3,乳胶记忆枕是什么材质的?,True,,,1.5503471000120044,0.5960167000303045,0.9259773999801837,2.6300025638192892e-05,0.028321599995251745,0,False,1787940402.6155648
qa,25,4,四件套是什么面料?,True,,,1.7931669999961741,0.6473392999614589,1.1364860000321642,1.7599959392100573e-05,0.009320400014985353,0,False,1787940422.620818
qa,25,5,轻羽无线吸尘器续航多长?,True,,,2.743921900051646,1.669751700013876,1.064075000002049,2.4099950678646564e-05,0.010062800021842122,0,False,1787940442.6148605
qa,25,6,轻量跑步鞋适合什么场景?,True,,,1.6893360000103712,0.5862264999886975,1.0722532999934629,3.1800009310245514e-05,0.030817899969406426,0,False,1787940462.6148217
qa,26,1,恒温保温杯能保温多久?,True,,,2.283945900038816,0.6138677999842912,1.6479433000204153,2.19999928958714e-05,0.022107900003902614,0,False,1787940362.6144369
qa,26,2,乳胶记忆枕是什么材质的?,True,,,1.3989194999448955,0.3418852999457158,0.9966024000314064,1.829996472224593e-05,0.06040780001785606,0,False,1787940382.618783
qa,26,3,四件套是什么面料?,True,,,5.0465710000135005,4.0394937000237405,0.9961496000178158,1.780001912266016e-05,0.010905599978286773,0,False,1787940402.6204457
qa,26,4,轻羽无线吸尘器续航多长?,True,,,1.5251859999843873,0.4487961999839172,1.049488199991174,1.7899961676448584e-05,0.026878900011070073,0,False,1787940422.614689
qa,26,5,轻量跑步鞋适合什么场景?,True,,,5.197443400043994,4.102607100037858,1.0730360999586992,2.8799986466765404e-05,0.021765700017567724,0,False,1787940442.6216016
qa,26,6,帐篷的防雨性能怎么样?,True,,,2.5627097000251524,1.4722794000408612,1.0817869000020437,1.6899954061955214e-05,0.008620399981737137,0,False,1787940462.6180742
qa,27,1,乳胶记忆枕是什么材质的?,True,,,1.4614102999912575,0.4761325999861583,0.9393414999940433,2.069998299703002e-05,0.04590779996942729,0,False,1787940362.6150005
qa,27,2,四件套是什么面料?,True,,,2.6073239999823272,1.4171866999822669,1.1562786999857053,2.47000134550035e-05,0.03382850001798943,0,False,1787940382.6255174
qa,27,3,轻羽无线吸尘器续航多长?,True,,,1.4587083000224084,0.3590579000301659,1.0639317999593914,2.6800029445439577e-05,0.03568460000678897,0,False,1787940402.618342
qa,27,4,轻量跑步鞋适合什么场景?,True,,,1.7245947999763303,0.5963900000206195,1.1232069000252523,1.899997005239129e-05,0.004973899980541319,0,False,1787940422.6170704
qa,27,5,帐篷的防雨性能怎么样?,True,,,1.7654881000053138,0.3520798999816179,1.3978332999977283,2.1899992134422064e-05,0.015546299982815981,0,False,1787940442.6199436
qa,27,6,牛仔裤的尺码怎么选?,True,,,11.305238700006157,0.3249010000145063,10.948837200005073,5.069997860118747e-05,0.03144150000298396,0,False,1787940462.6173487
qa,28,1,四件套是什么面料?,True,,,2.6212560999556445,1.3683630999876186,1.2448322999989614,2.3699947632849216e-05,0.008032200043089688,0,False,1787940362.6148252
qa,28,2,轻羽无线吸尘器续航多长?,True,,,1.6134064000216313,0.3889844000223093,1.21891030005645,3.9300008211284876e-05,0.005466900009196252,0,False,1787940382.61959
qa,28,3,轻量跑步鞋适合什么场景?,True,,,4.908693199977279,4.0254623999935575,0.871704299992416,2.169999061152339e-05,0.011499200016260147,0,False,1787940402.6166658
qa,28,4,帐篷的防雨性能怎么样?,True,,,1.1694753000047058,0.3187955000321381,0.8357767999987118,2.829998265951872e-05,0.014867599995341152,0,False,1787940422.6172523
qa,28,5,牛仔裤的尺码怎么选?,True,,,9.55084830004489,0.5312078000279143,9.015007699956186,2.3100001271814108e-05,0.004604100016877055,0,False,1787940442.615362
qa,28,6,儿童安全座椅安装要注意什么?,True,,,3.5179325000499375,1.3412830000161193,2.147185600013472,2.2299995180219412e-05,0.02943660004530102,0,False,1787940462.61686
qa,29,1,轻羽无线吸尘器续航多长?,True,,,1.6828512999927625,0.47878220002166927,1.1906158999772742,2.0499981474131346e-05,0.013426000019535422,0,False,1787940362.6298368
qa,29,2,轻量跑步鞋适合什么场景?,True,,,3.359848799998872,2.308826299966313,1.0211967999930494,2.050003968179226e-05,0.029800200019963086,0,False,1787940382.6371024
qa,29,3,帐篷的防雨性能怎么样?,True,,,2.645662299997639,1.5206996999913827,1.1092635999666527,8.339999476447701e-05,0.015609699999913573,0,False,1787940402.6398776
qa,29,4,牛仔裤的尺码怎么选?,True,,,8.051270299998578,1.5431257999734953,6.484199600003194,4.0599959902465343e-05,0.023897700011730194,0,False,1787940422.6351984
qa,29,5,儿童安全座椅安装要注意什么?,True,,,3.4172004000283778,1.6370486000087112,1.770613799977582,2.47000134550035e-05,0.009507799986749887,0,False,1787940442.6386447
qa,29,6,婴儿推车适合多大的宝宝?,True,,,5.212048299959861,3.845833199971821,1.3326446000137366,1.7199956346303225e-05,0.03354930004570633,0,False,1787940462.638482
qa,30,1,轻量跑步鞋适合什么场景?,True,,,1.7188513999572024,0.507941399991978,1.1788628999493085,8.700008038431406e-06,0.03203509998274967,0,False,1787940362.6292992
qa,30,2,帐篷的防雨性能怎么样?,True,,,2.627302500011865,1.4523416999727488,1.167488900013268,2.6999972760677338e-05,0.007439300010446459,0,False,1787940382.6417062
qa,30,3,牛仔裤的尺码怎么选?,True,,,13.954255099990405,4.010323700029403,9.931347799953073,4.2300031054764986e-05,0.012532300024759024,0,False,1787940402.639643
qa,30,4,儿童安全座椅安装要注意什么?,True,,,3.956745400035288,2.397186200018041,1.520008300023619,2.2199994418770075e-05,0.03952370001934469,0,False,1787940422.6348643
qa,30,5,婴儿推车适合多大的宝宝?,True,,,5.235024699999485,3.8529095000121742,1.37291550001828,5.129998316988349e-05,0.009139800036791712,0,False,1787940442.6359882
qa,30,6,全价猫粮开封后多久要吃完?,True,,,2.191572499985341,1.3512162999832071,0.8343779999995604,2.0299979951232672e-05,0.00595449999673292,0,False,1787940462.6371834
qa,31,1,帐篷的防雨性能怎么样?,True,,,2.525000200024806,1.606679200020153,0.9009012999595143,1.2800039257854223e-05,0.01740320003591478,0,False,1787940362.623363
qa,31,2,牛仔裤的尺码怎么选?,True,,,8.202249299967661,1.4040475999936461,6.764257099945098,4.700000863522291e-05,0.03388880001148209,0,False,1787940382.625765
qa,31,3,儿童安全座椅安装要注意什么?,True,,,3.1921069999807514,0.37439990002894774,2.7919926999602467,2.139998832717538e-05,0.025687800021842122,0,False,1787940402.6255589
qa,31,4,婴儿推车适合多大的宝宝?,True,,,3.910961999965366,1.5380501999752596,2.3622403999906965,1.3499986380338669e-05,0.010653800040017813,0,False,1787940422.629754
qa,31,5,全价猫粮开封后多久要吃完?,True,,,4.57499039999675,3.7874371000216343,0.7748036000411958,0.0001132000470533967,0.012630000011995435,0,False,1787940442.6319685
qa,31,6,宠物自动饮水机的滤芯多久换一次?,True,,,2.3434623000212014,1.5034476000000723,0.8074589000316337,1.7300015315413475e-05,0.03253309999126941,0,False,1787940462.6240127
qa,32,1,牛仔裤的尺码怎么选?,True,,,9.382667300000321,3.877325000008568,5.464185999997426,0.00010030000703409314,0.041044000012334436,0,False,1787940362.6257186
qa,32,2,儿童安全座椅安装要注意什么?,True,,,3.598730100027751,1.2780982000404038,2.308558999968227,2.1799991372972727e-05,0.012046199990436435,0,False,1787940382.6322346
qa,32,3,婴儿推车适合多大的宝宝?,True,,,1.9146841000183485,0.5301556999911554,1.3740834000054747,2.7500034775584936e-05,0.010411700000986457,0,False,1787940402.6335807
qa,32,4,全价猫粮开封后多久要吃完?,True,,,2.4927708000177518,1.356068899971433,1.126909600046929,2.41999514400959e-05,0.009756200015544891,0,False,1787940422.6317475
qa,32,5,宠物自动饮水机的滤芯多久换一次?,True,,,0.9734409999800846,0.3530170999583788,0.6042256000218913,2.519995905458927e-05,0.016168000001925975,0,False,1787940442.6263986
qa,32,6,智能电饭煲有哪些功能?,True,,,5.42756499996176,4.028484699956607,1.3928068000241183,2.1199986804276705e-05,0.006248099962249398,0,False,1787940462.6290286
qa,33,1,儿童安全座椅安装要注意什么?,True,,,4.065545400022529,1.4068379999953322,2.6404837000300176,1.9600032828748226e-05,0.018196299963165075,0,False,1787940362.6171489
qa,33,2,婴儿推车适合多大的宝宝?,True,,,3.731443600030616,2.358925900014583,1.3579298999975435,1.5700003132224083e-05,0.014568299986422062,0,False,1787940382.6240635
qa,33,3,全价猫粮开封后多久要吃完?,True,,,4.7342537000076845,3.9625252000405453,0.7613320999662392,3.579998156055808e-05,0.010354100028052926,0,False,1787940402.620103
qa,33,4,宠物自动饮水机的滤芯多久换一次?,True,,,2.2551150000072084,1.39427990000695,0.8533778000273742,2.789997961372137e-05,0.007421699992846698,0,False,1787940422.6198466
qa,33,5,智能电饭煲有哪些功能?,True,,,5.312193799996749,3.9195652999915183,1.3863409999758005,2.099998528137803e-05,0.006262600014451891,0,False,1787940442.620128
qa,33,6,星河S2手机的内存是多少?,True,,,1.173959699983243,0.4362078999984078,0.7221127999946475,2.0899984519928694e-05,0.015613499970640987,0,False,1787940462.6198606
qa,34,1,婴儿推车适合多大的宝宝?,True,,,2.806582499993965,1.407459200010635,1.3913623999687843,1.9799976143985987e-05,0.007737200008705258,0,False,1787940362.6258798
qa,34,2,全价猫粮开封后多久要吃完?,True,,,2.1472431999864057,1.407723399985116,0.7316623000078835,3.980001201853156e-05,0.007811799994669855,0,False,1787940382.63201
qa,34,3,宠物自动饮水机的滤芯多久换一次?,True,,,1.2137852999730967,0.4569931000005454,0.7463603000505827,2.300000051036477e-05,0.010403499996755272,0,False,1787940402.634548
qa,34,4,智能电饭煲有哪些功能?,True,,,5.305805400013924,3.9371923999860883,1.3603768000029959,0.00020750000840052962,0.008003099996130913,0,False,1787940422.631161
qa,34,5,星河S2手机的内存是多少?,True,,,4.758939400024246,3.9877275000326335,0.7253617999958806,2.3300002794712782e-05,0.045820700004696846,0,False,1787940442.634352
qa,34,6,星耀X1的电池容量是多少?,True,,,3.2929684999980964,2.369534700002987,0.8754052000003867,2.5300018023699522e-05,0.047997400048188865,0,False,1787940462.626461
qa,35,1,全价猫粮开封后多久要吃完?,True,,,2.217555099981837,1.4166896999813616,0.7908284000004642,3.029999788850546e-05,0.010000999958720058,0,False,1787940362.6290526
qa,35,2,宠物自动饮水机的滤芯多久换一次?,True,,,2.3178634000360034,1.468855400045868,0.8306157999904826,1.3599987141788006e-05,0.018375099985860288,0,False,1787940382.6383219
qa,35,3,智能电饭煲有哪些功能?,True,,,1.8368845999939367,0.5989799000089988,1.230033400002867,1.8300022929906845e-05,0.00784659996861592,0,False,1787940402.6397626
qa,35,4,星河S2手机的内存是多少?,True,,,4.766437400016002,4.1262697000056505,0.6268260999931954,1.8499966245144606e-05,0.013318400015123188,0,False,1787940422.6337967
qa,35,5,星耀X1的电池容量是多少?,False,429,"Error code: 429 - {'error': {'message': 'You have exceeded your current request limit. For details, see: https://help.aliyun.com/zh/model-studio/error-code#rate-limit', 'type': 'limit_requests', 'para",4.007711200043559,0.0,0.0,0.0,0.0,0,False,1787940442.6371033
qa,35,6,星耀X1和星河S2哪款更便宜?,True,,,2.4369199000066146,1.312381900032051,1.1147774999844842,1.6000005416572094e-05,0.009739800007082522,0,False,1787940462.6353981
qa,36,1,宠物自动饮水机的滤芯多久换一次?,True,,,1.3978464999818243,0.5965459999861196,0.7428367999964394,8.639995940029621e-05,0.058370100043248385,0,False,1787940362.628966
qa,36,2,智能电饭煲有哪些功能?,True,,,1.9700343000004068,0.5974675000179559,1.363490300020203,1.680001150816679e-05,0.009054900030605495,0,False,1787940382.6387568
qa,36,3,星河S2手机的内存是多少?,True,,,2.1742759000044316,1.353368500014767,0.8114340999745764,2.3800006601959467e-05,0.009444399969652295,0,False,1787940402.6413522
qa,36,4,星耀X1的电池容量是多少?,True,,,1.4262542999931611,0.46476280002389103,0.8794302000314929,2.3900007363408804e-05,0.08203310001408681,0,False,1787940422.6340415
qa,36,5,星耀X1和星河S2哪款更便宜?,False,429,"Error code: 429 - {'error': {'message': 'You have exceeded your current request limit. For details, see: https://help.aliyun.com/zh/model-studio/error-code#rate-limit', 'type': 'limit_requests', 'para",4.062590100045782,0.0,0.0,0.0,0.0,0,False,1787940442.6361892
qa,36,6,星跃智能手表的价格是多少?,True,,,3.0060530000482686,2.2885589000070468,0.6862894000369124,2.1300045773386955e-05,0.03117910004220903,0,False,1787940462.6341763
qa,37,1,智能电饭煲有哪些功能?,True,,,5.681309000006877,4.291783299995586,1.3783871000050567,3.579998156055808e-05,0.011097799986600876,0,False,1787940362.6296408
qa,37,2,星河S2手机的内存是多少?,True,,,2.233093100017868,1.5564577000332065,0.6635859999805689,1.999997766688466e-05,0.013023699983023107,0,False,1787940382.6358283
qa,37,3,星耀X1的电池容量是多少?,True,,,4.7769200000329874,3.9663704999838956,0.7983900000108406,2.0899984519928694e-05,0.01213430002098903,0,False,1787940402.6402256
qa,37,4,星耀X1和星河S2哪款更便宜?,True,,,5.224476000003051,3.90721079998184,1.2856449999962933,4.079996142536402e-05,0.03156820003641769,0,False,1787940422.6347525
qa,37,5,星跃智能手表的价格是多少?,True,,,4.703487100021448,3.9711848000297323,0.7223965000011958,1.92999723367393e-05,0.009880999976303428,0,False,1787940442.638315
qa,37,6,清透防晒霜的防晒指数是多少?,True,,,4.707735100004356,3.9096347999875434,0.7714319999795407,3.519997699186206e-05,0.026627100014593452,0,False,1787940462.636702
qa,38,1,星河S2手机的内存是多少?,True,,,1.331376599962823,0.5606163999764249,0.7595909999799915,2.570002106949687e-05,0.01113590004388243,0,False,1787940362.625536
qa,38,2,星耀X1的电池容量是多少?,True,,,1.4270678000175394,0.44745869998587295,0.8636096999980509,2.859998494386673e-05,0.1159650000045076,0,False,1787940382.6310608
qa,38,3,星耀X1和星河S2哪款更便宜?,True,,,5.441547999973409,4.026021300000139,1.4115114999585785,1.8700025975704193e-05,0.0039916999521665275,0,False,1787940402.6319187
qa,38,4,星跃智能手表的价格是多少?,True,,,2.771314400015399,1.331084000004921,1.226389300019946,4.730001091957092e-05,0.21378630003891885,0,False,1787940422.6265461
qa,38,5,清透防晒霜的防晒指数是多少?,True,,,4.728814299975056,3.8871935000061058,0.8298976999940351,2.8300040867179632e-05,0.011686399986501783,0,False,1787940442.632509
qa,38,6,洗发水是氨基酸配方吗?,True,,,4.440423600026406,3.753410500008613,0.661255799990613,1.9799976143985987e-05,0.025731800007633865,0,False,1787940462.6287813
qa,39,1,星耀X1的电池容量是多少?,True,,,2.3542747999890707,1.4938224999932572,0.8204251000424847,1.1199968867003918e-05,0.040011500008404255,0,False,1787940362.6240175
qa,39,2,星耀X1和星河S2哪款更便宜?,True,,,1.6335986999911256,0.5224902000045404,1.1011022999882698,2.1099986042827368e-05,0.009979300026316196,0,False,1787940382.6266747
qa,39,3,星跃智能手表的价格是多少?,True,,,1.190746600041166,0.4758959000464529,0.7012590999947861,1.8400023691356182e-05,0.013569600007031113,0,False,1787940402.6266418
qa,39,4,清透防晒霜的防晒指数是多少?,True,,,4.747537999995984,3.676508799951989,1.0644678000244312,2.5600020308047533e-05,0.006529000005684793,0,False,1787940422.6276264
qa,39,5,洗发水是氨基酸配方吗?,True,,,4.623324499989394,3.848479699983727,0.7376834999886341,1.6400008462369442e-05,0.03713979996973649,0,False,1787940442.63118
qa,39,6,每日坚果礼盒一箱有多少包?,True,,,1.097696700016968,0.47601620003115386,0.6103414999670349,2.889998722821474e-05,0.01130459998967126,0,False,1787940462.6278758
qa,40,1,星耀X1和星河S2哪款更便宜?,True,,,5.151982799987309,3.9876624000025913,1.156660999986343,3.8700003642588854e-05,0.007615699956659228,0,False,1787940362.6291292
qa,40,2,星跃智能手表的价格是多少?,True,,,2.2566969000035897,1.4954924000194296,0.7319515999988653,1.7700018361210823e-05,0.02922929998021573,0,False,1787940382.629515
qa,40,3,清透防晒霜的防晒指数是多少?,True,,,1.3704141000052914,0.5346225000103004,0.7829640999552794,1.6400008462369442e-05,0.05280619999393821,0,False,1787940402.6393867
qa,40,4,洗发水是氨基酸配方吗?,True,,,4.939679500006605,4.108897799975239,0.8178793999832124,2.5900022592395544e-05,0.012871999992057681,0,False,1787940422.6341496
qa,40,5,每日坚果礼盒一箱有多少包?,True,,,4.590327800018713,3.87943329999689,0.6873023000080138,1.7099955584853888e-05,0.023570100020151585,0,False,1787940442.6366842
qa,40,6,挂耳咖啡怎么冲泡最好喝?,True,,,3.2700068000121973,1.5568884999956936,1.6779850000166334,1.610000617802143e-05,0.035113099962472916,0,False,1787940462.637755
qa,41,1,星跃智能手表的价格是多少?,True,,,5.000786199991126,3.976301099988632,0.9133743999991566,3.3599964808672667e-05,0.11107230000197887,0,False,1787940362.6235094
qa,41,2,清透防晒霜的防晒指数是多少?,True,,,4.87461269996129,4.059395399992354,0.7800610999693163,1.5900004655122757e-05,0.035135700018145144,0,False,1787940382.62773
qa,41,3,洗发水是氨基酸配方吗?,True,,,4.664712600002531,3.917864000017289,0.7360963000101037,4.740001168102026e-05,0.010697400022763759,0,False,1787940402.6258419
qa,41,4,每日坚果礼盒一箱有多少包?,True,,,1.100251899973955,0.38527479994809255,0.6867790000396781,1.650000922381878e-05,0.02817700000014156,0,False,1787940422.631018
qa,41,5,挂耳咖啡怎么冲泡最好喝?,True,,,3.105156800011173,1.4479217000189237,1.6495769000030123,1.7899961676448584e-05,0.007635699992533773,0,False,1787940442.632157
qa,41,6,恒温保温杯能保温多久?,True,,,5.20964020001702,4.155231399985496,1.0312912000226788,2.220005262643099e-05,0.023090300033800304,0,False,1787940462.6243703
qa,42,1,清透防晒霜的防晒指数是多少?,True,,,1.6028213999816217,0.5312398999813013,0.9194269999861717,1.7400016076862812e-05,0.15213249996304512,0,False,1787940362.6262546
qa,42,2,洗发水是氨基酸配方吗?,True,,,4.469902499986347,3.6674743000185117,0.7933665000018664,1.3200042303651571e-05,0.00904380000429228,0,False,1787940382.6314204
qa,42,3,每日坚果礼盒一箱有多少包?,True,,,4.536978800024372,3.8480931000085548,0.6821691999793984,2.19999928958714e-05,0.006688299996312708,0,False,1787940402.6351707
qa,42,4,挂耳咖啡怎么冲泡最好喝?,True,,,5.624615899985656,3.768335399974603,1.8161958999698982,2.300000051036477e-05,0.040055499994196,0,False,1787940422.632323
qa,42,5,恒温保温杯能保温多久?,True,,,2.408091899997089,0.5695348000153899,1.8246473000035621,9.42000187933445e-05,0.013810399977955967,0,False,1787940442.6342325
qa,42,6,乳胶记忆枕是什么材质的?,True,,,1.4582433000323363,0.50465370004531,0.9281232999637723,1.9799976143985987e-05,0.025441200006753206,0,False,1787940462.6292267
qa,43,1,洗发水是氨基酸配方吗?,True,,,1.4843896999955177,0.4037948999903165,0.9865346000296995,1.7000013031065464e-05,0.09403640002710745,0,False,1787940362.6278505
qa,43,2,每日坚果礼盒一箱有多少包?,True,,,1.9570491000195034,1.3221325000049546,0.622629199991934,2.429995220154524e-05,0.012256400019396096,0,False,1787940382.6328256
qa,43,3,挂耳咖啡怎么冲泡最好喝?,True,,,5.44881680002436,3.9701647000038065,1.4565438000136055,0.00010900001507252455,0.021981299971230328,0,False,1787940402.6382487
qa,43,4,恒温保温杯能保温多久?,True,,,3.5362293999642134,1.4811655000085011,2.0308468000148423,1.8199963960796595e-05,0.024192500044591725,0,False,1787940422.6282017
qa,43,5,乳胶记忆枕是什么材质的?,True,,,2.0868817000300623,1.2746220999979414,0.7969815999967977,2.0199979189783335e-05,0.015254200028721243,0,False,1787940442.6353168
qa,43,6,四件套是什么面料?,True,,,3.7279879999696277,2.627507900004275,1.092085300013423,4.7900015488266945e-05,0.008338599989656359,0,False,1787940462.6324391
qa,44,1,每日坚果礼盒一箱有多少包?,True,,,4.648608300019987,4.03921330004232,0.5967393000028096,1.8900027498602867e-05,0.012632699974346906,0,False,1787940362.6261811
qa,44,2,挂耳咖啡怎么冲泡最好喝?,True,,,3.43397620000178,1.547404299955815,1.8824416000279598,1.92999723367393e-05,0.004106500011403114,0,False,1787940382.6318967
qa,44,3,恒温保温杯能保温多久?,True,,,1.8846301999874413,0.4872664999566041,1.3800009000115097,1.6300007700920105e-05,0.017342399980407208,0,False,1787940402.6359394
qa,44,4,乳胶记忆枕是什么材质的?,True,,,2.696838099975139,1.465629499987699,1.2104890999617055,2.6999972760677338e-05,0.020686500007286668,0,False,1787940422.6322103
qa,44,5,四件套是什么面料?,True,,,2.361188700015191,1.3561830999678932,0.9895898000104353,2.1199986804276705e-05,0.015389000007417053,0,False,1787940442.6345847
qa,44,6,轻羽无线吸尘器续航多长?,True,,,2.6184949000016786,1.5866053000208922,1.0176297000143677,2.169999061152339e-05,0.014232999994419515,0,False,1787940462.63014
qa,45,1,挂耳咖啡怎么冲泡最好喝?,True,,,4.1566969999694265,2.340858699986711,1.8026892999769188,1.6900012269616127e-05,0.013127499958500266,0,False,1787940362.6223924
qa,45,2,恒温保温杯能保温多久?,True,,,5.298347600037232,3.9197545000351965,1.3526133999694139,3.9700011257082224e-05,0.025918499974068254,0,False,1787940382.6252067
qa,45,3,乳胶记忆枕是什么材质的?,True,,,1.498317199992016,0.37911979999626055,1.0830230000428855,3.7999998312443495e-05,0.0361272000009194,0,False,1787940402.6239667
qa,45,4,四件套是什么面料?,True,,,2.658611999999266,1.3683409999939613,1.2837980999611318,2.9399991035461426e-05,0.006438500015065074,0,False,1787940422.623102
qa,45,5,轻羽无线吸尘器续航多长?,True,,,1.5235204999917187,0.3398818999994546,1.1720392999704927,2.6100024115294218e-05,0.011567799956537783,0,False,1787940442.6238341
qa,45,6,轻量跑步鞋适合什么场景?,True,,,2.328890100005083,1.3149315000046045,0.9841696000075899,1.780001912266016e-05,0.0297668999992311,0,False,1787940462.6228118
qa,46,1,恒温保温杯能保温多久?,True,,,2.207614500017371,0.45029710000380874,1.7414607000537217,2.8199981898069382e-05,0.01581900002202019,0,False,1787940362.6168387
qa,46,2,乳胶记忆枕是什么材质的?,True,,,5.181263500009663,4.167292399972212,0.988216400030069,2.5300018023699522e-05,0.02572350000264123,0,False,1787940382.6185808
qa,46,3,四件套是什么面料?,True,,,2.5923565999837592,1.4308277000091039,1.1487326999776997,1.4699995517730713e-05,0.012776999967172742,0,False,1787940402.6206717
qa,46,4,轻羽无线吸尘器续航多长?,True,,,1.2195389000116847,0.3301309000235051,0.880982699978631,1.5099998563528061e-05,0.008405299973674119,0,False,1787940422.6196673
qa,46,5,轻量跑步鞋适合什么场景?,True,,,1.5577489000279456,0.5013501000357792,0.9937832000432536,2.3200002033263445e-05,0.06258490000618622,0,False,1787940442.6190445
qa,46,6,帐篷的防雨性能怎么样?,True,,,5.52615579997655,4.082209999964107,1.43472020002082,1.8599967006593943e-05,0.009201599983498454,0,False,1787940462.6200166
qa,47,1,乳胶记忆枕是什么材质的?,True,,,5.046006600023247,4.054650300007779,0.9815603999886662,1.829996472224593e-05,0.009773900033906102,0,False,1787940362.62847
qa,47,2,四件套是什么面料?,True,,,1.5139239000272937,0.567541100026574,0.9164904000353999,2.1099986042827368e-05,0.029865799995604903,0,False,1787940382.634204
qa,47,3,轻羽无线吸尘器续航多长?,True,,,2.1914030000334606,1.2850225000292994,0.8944340000161901,2.1200045011937618e-05,0.011920599965378642,0,False,1787940402.638745
qa,47,4,轻量跑步鞋适合什么场景?,True,,,1.7165051000192761,0.5713800000376068,1.1299361000419594,1.9799976143985987e-05,0.015163199976086617,0,False,1787940422.6329618
qa,47,5,帐篷的防雨性能怎么样?,True,,,2.8314562999876216,1.6675678999745287,1.1332314999890514,8.300004992634058e-06,0.03064409998478368,0,False,1787940442.6355412
qa,47,6,牛仔裤的尺码怎么选?,True,,,7.87072150001768,0.5908476000186056,7.251218099961989,2.6500027161091566e-05,0.028622299956623465,0,False,1787940462.6340613
qa,48,1,四件套是什么面料?,True,,,1.6589551999932155,0.6192614000174217,0.9154931000084616,1.6199948731809855e-05,0.12417980004101992,0,False,1787940362.6213398
qa,48,2,轻羽无线吸尘器续航多长?,True,,,1.6621315999655053,0.623287700000219,1.0279095000005327,1.9499973859637976e-05,0.010910300014074892,0,False,1787940382.6248226
qa,48,3,轻量跑步鞋适合什么场景?,True,,,1.6081472999649122,0.36981740000192076,1.2300981999724172,2.039998071268201e-05,0.008206100028473884,0,False,1787940402.622666
qa,48,4,帐篷的防雨性能怎么样?,True,,,2.061875300016254,1.2917627000133507,0.745807999977842,3.23000131174922e-05,0.02426539995940402,0,False,1787940422.621574
qa,48,5,牛仔裤的尺码怎么选?,True,,,13.308266200008802,3.7842455999925733,9.48851910000667,4.090002039447427e-05,0.0354520000400953,0,False,1787940442.6229467
qa,48,6,儿童安全座椅安装要注意什么?,True,,,6.564650400017854,3.981036600016523,2.553029400005471,4.4199987314641476e-05,0.03053009998984635,0,False,1787940462.6216028
qa,49,1,轻羽无线吸尘器续航多长?,True,,,5.072842599998694,4.077598300005775,0.9851051999721676,2.370000584051013e-05,0.010110099974554032,0,False,1787940362.622735
qa,49,2,轻量跑步鞋适合什么场景?,True,,,3.710434000007808,2.6278193999896757,1.069624700001441,3.4100026823580265e-05,0.012950900010764599,0,False,1787940382.625647
qa,49,3,帐篷的防雨性能怎么样?,True,,,2.7741986999753863,1.3881742999656126,1.3787782000144944,1.92999723367393e-05,0.00722129998030141,0,False,1787940402.623398
qa,49,4,牛仔裤的尺码怎么选?,True,,,11.553632499999367,1.4045034000300802,10.116468399995938,4.490005085244775e-05,0.032606500026304275,0,False,1787940422.6272006
qa,49,5,儿童安全座椅安装要注意什么?,True,,,2.635167400003411,0.5482592000043951,2.05787479999708,2.2499996703118086e-05,0.029004499956499785,0,False,1787940442.6243463
qa,49,6,婴儿推车适合多大的宝宝?,True,,,5.48758389998693,3.7240588000277057,1.7558205000241287,3.739999374374747e-05,0.007661099953111261,0,False,1787940462.6234677
qa,50,1,轻量跑步鞋适合什么场景?,True,,,2.758490799984429,1.5886535000172444,1.1631567999720573,1.5199999324977398e-05,0.006660600018221885,0,False,1787940362.6174865
qa,50,2,帐篷的防雨性能怎么样?,True,,,2.207752199959941,1.442546800011769,0.7548838999937288,3.1800009310245514e-05,0.010283400013577193,0,False,1787940382.6235552
qa,50,3,牛仔裤的尺码怎么选?,True,,,13.905279600003269,4.1396967000328,9.72295090003172,6.009999196976423e-05,0.04254240001318976,0,False,1787940402.620806
qa,50,4,儿童安全座椅安装要注意什么?,True,,,3.8591063000494614,2.3017685000086203,1.4975875000236556,1.829996472224593e-05,0.05972780002048239,0,False,1787940422.6202502
qa,50,5,婴儿推车适合多大的宝宝?,True,,,2.1464532000245526,0.5234997000079602,1.5943358999793418,2.0900042727589607e-05,0.028592699964065105,0,False,1787940442.6204689
qa,50,6,全价猫粮开封后多久要吃完?,True,,,2.5493337999796495,1.5766157999751158,0.9604159999871626,1.9799976143985987e-05,0.012277800007723272,0,False,1787940462.6201847
qa,51,1,帐篷的防雨性能怎么样?,True,,,2.5397213000105694,1.5152599000139162,1.0135492000263184,3.330002073198557e-05,0.010873199964407831,0,False,1787940362.6247592
qa,51,2,牛仔裤的尺码怎么选?,True,,,11.540712899994105,1.3893779999925755,10.117660799995065,6.330001633614302e-05,0.033602200041059405,0,False,1787940382.6301942
qa,51,3,儿童安全座椅安装要注意什么?,True,,,3.231921099999454,0.42480119998799637,2.798081299988553,2.0799983758479357e-05,0.009013700007926673,0,False,1787940402.6296828
qa,51,4,婴儿推车适合多大的宝宝?,True,,,2.3190890999976546,0.5478120000334457,1.7638372999499552,2.670002868399024e-05,0.0074071999988518655,0,False,1787940422.629044
qa,51,5,全价猫粮开封后多久要吃完?,True,,,1.169045599992387,0.3707648999989033,0.7856176999630406,2.1099986042827368e-05,0.012637500010896474,0,False,1787940442.6305137
qa,51,6,宠物自动饮水机的滤芯多久换一次?,True,,,1.366654000012204,0.6183741000131704,0.7129276999621652,1.8200022168457508e-05,0.03532889997586608,0,False,1787940462.6252663
qa,52,1,牛仔裤的尺码怎么选?,True,,,11.013147599995136,1.455855900014285,9.524538300000131,0.000109999964479357,0.0326146999723278,0,False,1787940362.627611
qa,52,2,儿童安全座椅安装要注意什么?,True,,,5.132229099981487,3.770862000004854,1.3494867999688722,1.650000922381878e-05,0.011858300014864653,0,False,1787940382.6329396
qa,52,3,婴儿推车适合多大的宝宝?,True,,,2.126971499994397,0.44182160001946613,1.670862099970691,2.5200017262250185e-05,0.014256999944336712,0,False,1787940402.6279588
qa,52,4,全价猫粮开封后多久要吃完?,True,,,2.5047237999970093,1.5025165000115521,0.9573473000200465,2.050003968179226e-05,0.04483439994510263,0,False,1787940422.632725
qa,52,5,宠物自动饮水机的滤芯多久换一次?,True,,,2.9713521000230685,2.314696700021159,0.6294677999685518,2.0300038158893585e-05,0.02716239995788783,0,False,1787940442.6350474
qa,52,6,智能电饭煲有哪些功能?,True,,,2.867838700010907,1.5281899999827147,1.335754600004293,1.780001912266016e-05,0.0038716999697498977,0,False,1787940462.6329203
qa,53,1,儿童安全座椅安装要注意什么?,True,,,2.370404299988877,0.5802380999666639,1.686605499999132,1.750001683831215e-05,0.10353859997121617,0,False,1787940362.6295335
qa,53,2,婴儿推车适合多大的宝宝?,True,,,4.0272416999796405,2.4134241999709047,1.602549100003671,1.9199971575289965e-05,0.011243099987041205,0,False,1787940382.6363273
qa,53,3,全价猫粮开封后多久要吃完?,True,,,5.075019199983217,4.214628299989272,0.8273107999702916,1.4999997802078724e-05,0.03306079999310896,0,False,1787940402.6392722
qa,53,4,宠物自动饮水机的滤芯多久换一次?,True,,,1.0462082999874838,0.48322799999732524,0.5483312999713235,2.2899999748915434e-05,0.014618700020946562,0,False,1787940422.634286
qa,53,5,智能电饭煲有哪些功能?,True,,,5.163719700009096,3.7612360999919474,1.387727499997709,2.1299987565726042e-05,0.01472999999532476,0,False,1787940442.6379635
qa,53,6,星河S2手机的内存是多少?,True,,,4.14226689998759,3.5028496999875642,0.6280944999889471,2.3500004317611456e-05,0.011294399970211089,0,False,1787940462.6362338
qa,54,1,婴儿推车适合多大的宝宝?,True,,,5.617768600001,4.043571399990469,1.5308591999928467,0.00020329997641965747,0.04311149998102337,0,False,1787940362.6321278
qa,54,2,全价猫粮开封后多久要吃完?,True,,,2.333015799988061,1.554329200007487,0.7656129999668337,1.71000137925148e-05,0.013050699955783784,0,False,1787940382.6352458
qa,54,3,宠物自动饮水机的滤芯多久换一次?,True,,,1.3123672000365332,0.552911100035999,0.7370826000114903,2.5200017262250185e-05,0.022343399992678314,0,False,1787940402.6324606
qa,54,4,智能电饭煲有哪些功能?,True,,,2.8138720000279136,1.335580500017386,1.4550874999840744,2.2299995180219412e-05,0.023177700000815094,0,False,1787940422.6355522
qa,54,5,星河S2手机的内存是多少?,True,,,1.9904606000054628,1.3164564999751747,0.6610820000059903,1.7600017599761486e-05,0.012898700020741671,0,False,1787940442.6397917
qa,54,6,星耀X1的电池容量是多少?,True,,,2.149920399999246,1.3839846000191756,0.7495588999590836,1.9000028260052204e-05,0.016353099956177175,0,False,1787940462.6391304
qa,55,1,全价猫粮开封后多久要吃完?,True,,,2.455793500004802,1.5528689000057057,0.8931316999951378,1.9300030544400215e-05,0.009766299976035953,0,False,1787940362.6269612
qa,55,2,宠物自动饮水机的滤芯多久换一次?,True,,,1.283092099998612,0.5455252000247128,0.709563700016588,5.229999078437686e-05,0.027945099980570376,0,False,1787940382.6325963
qa,55,3,智能电饭煲有哪些功能?,True,,,4.807247499993537,3.4095633999677375,1.3856753000291064,2.139998832717538e-05,0.01198159996420145,0,False,1787940402.636349
qa,55,4,星河S2手机的内存是多少?,True,,,1.2408186999964528,0.5331193000311032,0.6964537999592721,2.1499989088624716e-05,0.011216500017326325,0,False,1787940422.6324403
qa,55,5,星耀X1的电池容量是多少?,True,,,1.4476820999989286,0.4683489999733865,0.8284697000053711,4.1199964471161366e-05,0.1508157000062056,0,False,1787940442.6347017
qa,55,6,星耀X1和星河S2哪款更便宜?,True,,,5.236885000020266,4.067948799987789,1.1303530000150204,4.269997589290142e-05,0.038534099992830306,0,False,1787940462.6320398
qa,56,1,宠物自动饮水机的滤芯多久换一次?,True,,,4.805046800000127,3.917696699965745,0.8629537000088021,2.269999822601676e-05,0.024368299986235797,0,False,1787940362.627306
qa,56,2,智能电饭煲有哪些功能?,True,,,2.868002700037323,1.4780845000059344,1.3644832000136375,2.0799983758479357e-05,0.02540809998754412,0,False,1787940382.632716
qa,56,3,星河S2手机的内存是多少?,True,,,2.0813282000017352,1.4528375000227243,0.6020382999558933,2.0300038158893585e-05,0.026427000004332513,0,False,1787940402.636566
qa,56,4,星耀X1的电池容量是多少?,True,,,2.533150899980683,1.4549075000104494,1.0206755000399426,3.3800024539232254e-05,0.0575288999825716,0,False,1787940422.6325834
qa,56,5,星耀X1和星河S2哪款更便宜?,True,,,4.903872800001409,3.5828735000104643,1.3019790999824181,1.8400023691356182e-05,0.01899730000877753,0,False,1787940442.6349335
qa,56,6,星跃智能手表的价格是多少?,True,,,2.2227168999961577,1.4449168000137433,0.7064634999842383,1.92999723367393e-05,0.07131210004445165,0,False,1787940462.631577
qa,57,1,智能电饭煲有哪些功能?,True,,,3.0762557000271045,1.5302410000003874,1.5076788000296801,2.210005186498165e-05,0.03830810001818463,0,False,1787940362.6220057
qa,57,2,星河S2手机的内存是多少?,True,,,1.0220665999804623,0.3459359999978915,0.6698112999438308,2.1499989088624716e-05,0.006292300007771701,0,False,1787940382.6250079
qa,57,3,星耀X1的电池容量是多少?,True,,,3.591779399954248,2.753443499968853,0.8309475000132807,3.23000131174922e-05,0.007349200022872537,0,False,1787940402.6249163
qa,57,4,星耀X1和星河S2哪款更便宜?,True,,,5.341572899953462,4.10341449995758,1.225581599981524,4.369998350739479e-05,0.012522800010628998,0,False,1787940422.6221688
qa,57,5,星跃智能手表的价格是多少?,True,,,1.6090236000018194,0.5538110000197776,1.0190740000107326,2.2899999748915434e-05,0.036110700049903244,0,False,1787940442.622234
qa,57,6,清透防晒霜的防晒指数是多少?,True,,,1.1891788999782875,0.361873599991668,0.7980394999613054,1.3999990187585354e-05,0.029247200000099838,0,False,1787940462.622106
qa,58,1,星河S2手机的内存是多少?,True,,,2.257470300013665,1.573689499986358,0.6104914000025019,1.680001150816679e-05,0.07326799997827038,0,False,1787940362.6206994
qa,58,2,星耀X1的电池容量是多少?,True,,,1.1909790000063367,0.35820969997439533,0.8053287999937311,1.580000389367342e-05,0.027421000006143004,0,False,1787940382.6244235
qa,58,3,星耀X1和星河S2哪款更便宜?,True,,,2.418642600008752,1.3129114000475965,1.092586700047832,2.0600040443241596e-05,0.01311810000333935,0,False,1787940402.622442
qa,58,4,星跃智能手表的价格是多少?,True,,,1.2246084000216797,0.3505083000054583,0.8478820999735035,1.5600002370774746e-05,0.026198500010650605,0,False,1787940422.6213317
qa,58,5,清透防晒霜的防晒指数是多少?,True,,,1.1887897999840789,0.37122470000758767,0.8062405999517068,1.160003012046218e-05,0.011308700020890683,0,False,1787940442.6226947
qa,58,6,洗发水是氨基酸配方吗?,True,,,1.253987500036601,0.3735785000026226,0.8637976000318304,2.080004196614027e-05,0.01658520003547892,0,False,1787940462.621006
qa,59,1,星耀X1的电池容量是多少?,True,,,2.1542346000205725,1.4407419000053778,0.693435600027442,2.2400054149329662e-05,0.0200296999537386,0,False,1787940362.62874
qa,59,2,星耀X1和星河S2哪款更便宜?,True,,,3.526479099993594,2.28391699999338,1.2340656999731436,1.7000013031065464e-05,0.008473399968352169,0,False,1787940382.629013
qa,59,3,星跃智能手表的价格是多少?,True,,,4.415478799957782,3.742659699986689,0.6416389999794774,2.4500011932104826e-05,0.031150200054980814,0,False,1787940402.6440718
qa,59,4,清透防晒霜的防晒指数是多少?,True,,,2.7070992999942973,1.4432839000364766,1.129994499962777,1.950003206729889e-05,0.13379650004208088,0,False,1787940422.6335726
qa,59,5,洗发水是氨基酸配方吗?,True,,,3.3633064999594353,2.6456429999670945,0.6700511000235565,1.7799960914999247e-05,0.0475888000219129,0,False,1787940442.6364477
qa,59,6,每日坚果礼盒一箱有多少包?,True,,,2.2122841000091285,1.4999160000006668,0.6760719000012614,1.0600022505968809e-05,0.03628149995347485,0,False,1787940462.6343248
qa,60,1,星耀X1和星河S2哪款更便宜?,True,,,1.6129592999932356,0.3741683000116609,1.1244741999544203,1.4599994756281376e-05,0.11429810000117868,0,False,1787940362.6243196
qa,60,2,星跃智能手表的价格是多少?,True,,,2.177919599984307,1.3806489999988116,0.7281828999985009,2.0200037397444248e-05,0.06906229996820912,0,False,1787940382.6299398
qa,60,3,清透防晒霜的防晒指数是多少?,True,,,3.470314700040035,2.7250487999990582,0.6981417000060901,1.6000005416572094e-05,0.047103899996727705,0,False,1787940402.6278315
qa,60,4,洗发水是氨基酸配方吗?,True,,,2.47763420001138,1.5370967000490054,0.911604700027965,6.3000014051795e-05,0.028865800006315112,0,False,1787940422.632846
qa,60,5,每日坚果礼盒一箱有多少包?,True,,,1.9855353999882936,1.3817207999527454,0.5713593999971636,2.5300018023699522e-05,0.032384000020101666,0,False,1787940442.6278114
qa,60,6,挂耳咖啡怎么冲泡最好喝?,True,,,1.8014711000141688,0.41526470001554117,1.3768061000155285,2.0499981474131346e-05,0.009374799963552505,0,False,1787940462.6272118
qa,61,1,星跃智能手表的价格是多少?,True,,,1.0794789000065066,0.29951709997840226,0.7661488000303507,2.1599989850074053e-05,0.013786999974399805,0,False,1787940362.6179721
qa,61,2,清透防晒霜的防晒指数是多少?,True,,,4.995800999982748,4.193050400004722,0.79622289998224,1.6900012269616127e-05,0.00650730001507327,0,False,1787940382.6182377
qa,61,3,洗发水是氨基酸配方吗?,True,,,2.3542151000001468,1.5286519000073895,0.7983210000093095,2.2599997464567423e-05,0.02721400000154972,0,False,1787940402.622085
qa,61,4,每日坚果礼盒一箱有多少包?,True,,,1.0774248999659903,0.2999990999815054,0.7488804999738932,1.3399985618889332e-05,0.028518499981146306,0,False,1787940422.6206195
qa,61,5,挂耳咖啡怎么冲泡最好喝?,True,,,3.1216454000095837,1.4196506000007503,1.693469499994535,1.2699980288743973e-05,0.008508400002028793,0,False,1787940442.6206954
qa,61,6,恒温保温杯能保温多久?,True,,,1.5791612999746576,0.4523802999756299,1.066025100008119,1.7899961676448584e-05,0.06073129997821525,0,False,1787940462.6203654
qa,62,1,清透防晒霜的防晒指数是多少?,True,,,1.4560017000185326,0.6304600000148639,0.8015542000066489,3.190001007169485e-05,0.023949499998707324,0,False,1787940362.6304655
qa,62,2,洗发水是氨基酸配方吗?,True,,,4.373365900013596,3.5900579000008292,0.7592862999881618,1.9000028260052204e-05,0.02399769995827228,0,False,1787940382.635498
qa,62,3,每日坚果礼盒一箱有多少包?,True,,,2.255083399999421,1.4388721999712288,0.806296500028111,1.7799960914999247e-05,0.009892200003378093,0,False,1787940402.6405025
qa,62,4,挂耳咖啡怎么冲泡最好喝?,True,,,5.866857499990147,4.199476399982814,1.63349500001641,2.0199979189783335e-05,0.033859700022730976,0,False,1787940422.6350887
qa,62,5,恒温保温杯能保温多久?,True,,,2.6788567999610677,1.3003962999791838,1.366126200009603,1.650000922381878e-05,0.0123122000368312,0,False,1787940442.6394937
qa,62,6,乳胶记忆枕是什么材质的?,True,,,1.6013602999737486,0.6332007999881171,0.9571714000194333,2.2300053387880325e-05,0.010958400031086057,0,False,1787940462.6389701
qa,63,1,洗发水是氨基酸配方吗?,True,,,2.3231654000119306,1.46811360004358,0.8428170999977738,1.8300022929906845e-05,0.012210600019898266,0,False,1787940362.6267126
qa,63,2,每日坚果礼盒一箱有多少包?,True,,,2.1220404999912716,1.5033505000174046,0.5865668000187725,2.6100024115294218e-05,0.032092100009322166,0,False,1787940382.632483
qa,63,3,挂耳咖啡怎么冲泡最好喝?,True,,,2.8377556999912485,1.4278749999939464,1.4029820999712683,3.709999145939946e-05,0.006854799983557314,0,False,1787940402.634774
qa,63,4,恒温保温杯能保温多久?,True,,,5.115554399963003,3.7074943999759853,1.381980400008615,3.9700011257082224e-05,0.026032199966721237,0,False,1787940422.6321034
qa,63,5,乳胶记忆枕是什么材质的?,True,,,4.889123299974017,4.124717900005635,0.7564210999989882,2.500001573935151e-05,0.007952699961606413,0,False,1787940442.634815
qa,63,6,四件套是什么面料?,True,,,2.298869799997192,1.3783190000103787,0.9049958999967203,2.0499981474131346e-05,0.015529500029515475,0,False,1787940462.6310906
qa,64,1,每日坚果礼盒一箱有多少包?,True,,,2.297059399948921,1.5379921999992803,0.7398764000390656,2.0799983758479357e-05,0.019165300007443875,0,False,1787940362.6256065
qa,64,2,挂耳咖啡怎么冲泡最好喝?,True,,,3.930792900035158,2.5234060999937356,1.3795888000167906,2.19999928958714e-05,0.02777109999442473,0,False,1787940382.6307054
qa,64,3,恒温保温杯能保温多久?,True,,,2.3772661999682896,1.3193091999855824,1.0206977999769151,1.9499973859637976e-05,0.03723580000223592,0,False,1787940402.6300302
qa,64,4,乳胶记忆枕是什么材质的?,True,,,2.6267523000133224,1.5281670999829657,1.0859800000325777,1.9600032828748226e-05,0.012581099988892674,0,False,1787940422.631627
qa,64,5,四件套是什么面料?,True,,,2.4840204000356607,1.3960649000364356,1.0778296000207774,2.1299987565726042e-05,0.010098900005687028,0,False,1787940442.6260235
qa,64,6,轻羽无线吸尘器续航多长?,True,,,5.181102600006852,4.057799999951385,1.1138609999907203,2.19999928958714e-05,0.009413800027687103,0,False,1787940462.6258304
qa,65,1,挂耳咖啡怎么冲泡最好喝?,True,,,2.208218100015074,0.3317605000338517,1.8654011999606155,1.8600025214254856e-05,0.0110317999497056,0,False,1787940362.623687
qa,65,2,恒温保温杯能保温多久?,True,,,2.4998024000087753,1.4352025999687612,1.0577676999964751,3.0800001695752144e-05,0.00679610000224784,0,False,1787940382.6269872
qa,65,3,乳胶记忆枕是什么材质的?,True,,,2.3040360000450164,1.4090168999973685,0.802713599987328,2.0300038158893585e-05,0.09228059998713434,0,False,1787940402.626981
qa,65,4,四件套是什么面料?,True,,,1.476041600049939,0.3708184999995865,0.9832252000342123,1.1499971151351929e-05,0.12198340002214536,0,False,1787940422.6252394
qa,65,5,轻羽无线吸尘器续航多长?,True,,,2.853799100033939,1.6488509000046179,1.1541277000214905,4.930002614855766e-05,0.05076369998278096,0,False,1787940442.632333
qa,65,6,轻量跑步鞋适合什么场景?,True,,,1.4947312000440434,0.3987076000194065,1.057102599996142,1.4299992471933365e-05,0.03890250000404194,0,False,1787940462.6249702
qa,66,1,恒温保温杯能保温多久?,True,,,5.900562800001353,4.135363099980168,1.7322597000165842,3.840000135824084e-05,0.03289279999444261,0,False,1787940362.6230125
qa,66,2,乳胶记忆枕是什么材质的?,True,,,1.4214968000305817,0.39668170001823455,0.9954164999653585,1.6900012269616127e-05,0.02937740000197664,0,False,1787940382.6260812
qa,66,3,四件套是什么面料?,True,,,2.2556026999955066,1.340910899976734,0.8941975999623537,2.340000355616212e-05,0.02046540001174435,0,False,1787940402.6250937
qa,66,4,轻羽无线吸尘器续航多长?,True,,,5.250559400010388,4.156327000004239,1.0558813999523409,0.0001349000376649201,0.0382007000152953,0,False,1787940422.62478
qa,66,5,轻量跑步鞋适合什么场景?,True,,,1.4947317000478506,0.3901253000367433,0.9646753000561148,1.2200034689158201e-05,0.13991440000245348,0,False,1787940442.6245363
qa,66,6,帐篷的防雨性能怎么样?,True,,,5.032720300019719,3.8148957999655977,1.2097310000099242,2.239999594166875e-05,0.008065500005614012,0,False,1787940462.6236153
qa,67,1,乳胶记忆枕是什么材质的?,True,,,3.7018677999731153,2.7412266999599524,0.9457368000294082,1.3399985618889332e-05,0.01488699996843934,0,False,1787940362.622188
qa,67,2,四件套是什么面料?,True,,,4.7847352999961,3.8239557999768294,0.9527665000059642,2.169999061152339e-05,0.007985999982338399,0,False,1787940382.6253643
qa,67,3,轻羽无线吸尘器续航多长?,True,,,5.061093500000425,4.000138200004585,1.0396450000116602,1.6899954061955214e-05,0.021288899995852262,0,False,1787940402.6232367
qa,67,4,轻量跑步鞋适合什么场景?,True,,,2.8456941000185907,1.4383363999659196,1.3860883000306785,2.0799983758479357e-05,0.021243800001684576,0,False,1787940422.6227543
qa,67,5,帐篷的防雨性能怎么样?,True,,,5.001254600007087,3.8748780000023544,1.1162518999772146,2.400000812485814e-05,0.010094799974467605,0,False,1787940442.6240296
qa,67,6,牛仔裤的尺码怎么选?,True,,,13.30611330003012,1.3124404000118375,11.955365500005428,4.4599990360438824e-05,0.03825309994863346,0,False,1787940462.622607
qa,68,1,四件套是什么面料?,True,,,4.917677699995693,3.8889922999660484,1.016046800010372,1.8599967006593943e-05,0.01261580002028495,0,False,1787940362.624161
qa,68,2,轻羽无线吸尘器续航多长?,True,,,1.6662412000005133,0.41486150003038347,1.2444010999752209,1.9899976905435324e-05,0.006953400035854429,0,False,1787940382.6296427
qa,68,3,轻量跑步鞋适合什么场景?,True,,,1.6067646000301465,0.5884489000309259,1.0059142999816686,1.9199971575289965e-05,0.012377100007142872,0,False,1787940402.6407368
qa,68,4,帐篷的防雨性能怎么样?,True,,,4.0158617999986745,2.8994677999871783,1.1105303000076674,1.379998866468668e-05,0.0058447999763302505,0,False,1787940422.6243694
qa,68,5,牛仔裤的尺码怎么选?,True,,,12.458681499992963,0.43553669995162636,11.999097699997947,2.5300018023699522e-05,0.024017299991101027,0,False,1787940442.6317494
qa,68,6,儿童安全座椅安装要注意什么?,True,,,7.065093700017314,4.10683240002254,2.9200266000116244,2.1099986042827368e-05,0.038206900004297495,0,False,1787940462.6261637
qa,69,1,轻羽无线吸尘器续航多长?,True,,,2.4322892999625765,1.3110706000006758,1.1122771999798715,3.960001049563289e-05,0.008896800049114972,0,False,1787940362.6238608
qa,69,2,轻量跑步鞋适合什么场景?,True,,,1.340956800035201,0.37077849998604506,0.9219767000176944,2.5999965146183968e-05,0.048169000016059726,0,False,1787940382.627385
qa,69,3,帐篷的防雨性能怎么样?,True,,,5.382565800042357,4.211535400012508,1.1589308999828063,3.4400029107928276e-05,0.012056100007612258,0,False,1787940402.6264918
qa,69,4,牛仔裤的尺码怎么选?,True,,,12.61151419999078,0.6072934999829158,11.99796869995771,4.730001091957092e-05,0.006190499989315867,0,False,1787940422.627392
qa,69,5,儿童安全座椅安装要注意什么?,True,,,4.379274200007785,0.42682090000016615,3.9306483000400476,3.8300000596791506e-05,0.021760799980256706,0,False,1787940442.6327384
qa,69,6,婴儿推车适合多大的宝宝?,True,,,3.0546519000199623,1.2955258000292815,1.7507157999789342,1.939997309818864e-05,0.008385599998291582,0,False,1787940462.62512
qa,70,1,轻量跑步鞋适合什么场景?,True,,,4.968863400048576,3.8198133000405505,1.0917765999911353,5.0600036047399044e-05,0.05721500003710389,0,False,1787940362.6232214
qa,70,2,帐篷的防雨性能怎么样?,True,,,2.646148899977561,1.465044400014449,1.109630599967204,3.400002606213093e-05,0.07143270003143698,0,False,1787940382.6321151
qa,70,3,牛仔裤的尺码怎么选?,True,,,7.2411581999622285,0.5107084999908693,6.6963262999779545,0.00012290000449866056,0.033991600037552416,0,False,1787940402.625282
qa,70,4,儿童安全座椅安装要注意什么?,True,,,1.818368200038094,0.4529437000164762,1.3583630999783054,2.0499981474131346e-05,0.007034100010059774,0,False,1787940422.6266732
qa,70,5,婴儿推车适合多大的宝宝?,True,,,2.023377100005746,0.38145470002200454,1.610921299958136,2.2199994418770075e-05,0.030974699999205768,0,False,1787940442.6232777
qa,70,6,全价猫粮开封后多久要吃完?,True,,,2.4742707000114024,1.4906292000086978,0.894708100007847,1.9300030544400215e-05,0.0889090999844484,0,False,1787940462.6237683
qa,71,1,帐篷的防雨性能怎么样?,True,,,4.931775399949402,4.0005655999993905,0.9262237000511959,2.6800029445439577e-05,0.00495450000744313,0,False,1787940362.6243844
qa,71,2,牛仔裤的尺码怎么选?,True,,,13.59353180002654,1.5093513000174426,12.04512219998287,5.099998088553548e-05,0.03899769997224212,0,False,1787940382.6292737
qa,71,3,儿童安全座椅安装要注意什么?,True,,,7.644801500020549,3.9053880000137724,3.702335799986031,3.6999990697950125e-05,0.03703299997141585,0,False,1787940402.6409445
qa,71,4,婴儿推车适合多大的宝宝?,True,,,4.038887700007763,2.3006144000100903,1.7290672999806702,1.880002673715353e-05,0.009182499954476953,0,False,1787940422.6286707
qa,71,5,全价猫粮开封后多久要吃完?,True,,,1.5844499000231735,0.454576599993743,0.828801800031215,2.4500011932104826e-05,0.30104140000185,0,False,1787940442.6313262
qa,71,6,宠物自动饮水机的滤芯多久换一次?,True,,,5.0074477000162005,4.278247700014617,0.7201209000195377,2.0899984519928694e-05,0.009052899957168847,0,False,1787940462.6270726
qa,72,1,牛仔裤的尺码怎么选?,True,,,15.285896499990486,3.979335199983325,11.277381299994886,2.2899999748915434e-05,0.029152299975976348,0,False,1787940362.6228735
qa,72,2,儿童安全座椅安装要注意什么?,True,,,4.080552399973385,1.360966699954588,2.7075168000301346,4.140002420172095e-05,0.012022499984595925,0,False,1787940382.6262324
qa,72,3,婴儿推车适合多大的宝宝?,True,,,4.450653900043108,2.745236399990972,1.6754966000444256,2.440001117065549e-05,0.02988980000372976,0,False,1787940402.6261625
qa,72,4,全价猫粮开封后多久要吃完?,True,,,4.9034629999659956,4.126338700007182,0.7708149999962188,2.069998299703002e-05,0.006284300005063415,0,False,1787940422.623946
qa,72,5,宠物自动饮水机的滤芯多久换一次?,True,,,2.2272650999948382,1.443019300000742,0.763509799959138,2.7799978852272034e-05,0.020702100009657443,0,False,1787940442.6241953
qa,72,6,智能电饭煲有哪些功能?,True,,,1.7310721999965608,0.3318640000070445,1.1580165000050329,1.769996015354991e-05,0.2411691999877803,0,False,1787940462.6231146
qa,73,1,儿童安全座椅安装要注意什么?,True,,,5.004563299997244,3.681403600028716,1.3170347000123002,2.110004425048828e-05,0.006094799959100783,0,False,1787940362.6244624
qa,73,2,婴儿推车适合多大的宝宝?,True,,,3.964274500031024,2.34071280003991,1.5946418000385165,2.0899984519928694e-05,0.028894999995827675,0,False,1787940382.6338735
qa,73,3,全价猫粮开封后多久要吃完?,True,,,5.014113200013526,4.157983700046316,0.8512026999960653,2.080004196614027e-05,0.0049017000128515065,0,False,1787940402.6273892
qa,73,4,宠物自动饮水机的滤芯多久换一次?,True,,,1.140285599976778,0.3563914999831468,0.7670675999834202,2.0400038920342922e-05,0.016800299985334277,0,False,1787940422.627878
qa,73,5,智能电饭煲有哪些功能?,True,,,3.0364017999963835,1.4136168000404723,1.6184900000225753,0.00013239996042102575,0.004154200025368482,0,False,1787940442.6314244
qa,73,6,星河S2手机的内存是多少?,True,,,4.834868600009941,4.171425200009253,0.6553502000169829,2.7099973522126675e-05,0.008020500012207776,0,False,1787940462.6269035
qa,74,1,婴儿推车适合多大的宝宝?,True,,,5.176460099988617,3.671955900033936,1.4953289000550285,2.5100016500800848e-05,0.009145400021225214,0,False,1787940362.6242418
qa,74,2,全价猫粮开封后多久要吃完?,True,,,2.678287699993234,1.5263497999985702,1.0868103000102565,3.44999716617167e-05,0.06508690002374351,0,False,1787940382.6298094
qa,74,3,宠物自动饮水机的滤芯多久换一次?,True,,,0.9923170999973081,0.3975316999712959,0.5803225000272505,1.7200014553964138e-05,0.014440600003581494,0,False,1787940402.6276517
qa,74,4,智能电饭煲有哪些功能?,True,,,5.613511600007769,4.205305000010412,1.3779552999767475,2.1299987565726042e-05,0.030225299997255206,0,False,1787940422.6268892
qa,74,5,星河S2手机的内存是多少?,True,,,2.191662399971392,1.4607655999716371,0.6928970000008121,1.6000005416572094e-05,0.03797939996002242,0,False,1787940442.6315224
qa,74,6,星耀X1的电池容量是多少?,True,,,2.3601854000007734,1.4733974999981,0.8300646999850869,1.4899997040629387e-05,0.056704600050579756,0,False,1787940462.6296573
qa,75,1,全价猫粮开封后多久要吃完?,True,,,1.2121462000068277,0.3188508999883197,0.8624855999951251,2.2599997464567423e-05,0.030780699977185577,0,False,1787940362.6225843
qa,75,2,宠物自动饮水机的滤芯多久换一次?,True,,,4.84661359997699,4.058644599979743,0.7806799999671057,3.0399998649954796e-05,0.0072533999918960035,0,False,1787940382.6259181
qa,75,3,智能电饭煲有哪些功能?,True,,,5.307280600012746,3.7214896000223234,1.5514616000000387,5.6800025049597025e-05,0.034264400019310415,0,False,1787940402.623819
qa,75,4,星河S2手机的内存是多少?,True,,,1.0925854000379331,0.41174740000860766,0.6667002000031061,2.1199986804276705e-05,0.01411240000743419,0,False,1787940422.6236224
qa,75,5,星耀X1的电池容量是多少?,True,,,2.1342462999746203,1.4080189999658614,0.7093912999844179,1.9900035113096237e-05,0.016810599947348237,0,False,1787940442.6235275
qa,75,6,星耀X1和星河S2哪款更便宜?,True,,,2.583180400019046,1.3788322000182234,1.1738601999823004,1.8499966245144606e-05,0.030465200019534677,0,False,1787940462.6232991
qa,76,1,宠物自动饮水机的滤芯多久换一次?,True,,,4.506384500011336,3.9026970000122674,0.5800547999679111,6.910000229254365e-05,0.023556299973279238,0,False,1787940362.6301458
qa,76,2,智能电饭煲有哪些功能?,True,,,4.703664900036529,3.651083300006576,1.0429222999955527,2.3200002033263445e-05,0.009631499997340143,0,False,1787940382.6367652
qa,76,3,星河S2手机的内存是多少?,True,,,4.900201400043443,4.2225972000160255,0.6520046999794431,2.0400038920342922e-05,0.025575000036042184,0,False,1787940402.6401088
qa,76,4,星耀X1的电池容量是多少?,True,,,1.5236565000377595,0.5557605000212789,0.9475262999767438,1.6300007700920105e-05,0.020345100027043372,0,False,1787940422.6354446
qa,76,5,星耀X1和星河S2哪款更便宜?,True,,,2.6979302000254393,1.6229441000032239,1.0414326000027359,6.459996802732348e-05,0.03348099999129772,0,False,1787940442.6396854
qa,76,6,星跃智能手表的价格是多少?,True,,,1.286560200038366,0.57551070000045,0.6526832000236027,1.769996015354991e-05,0.05834370001684874,0,False,1787940462.6382706
qa,77,1,智能电饭煲有哪些功能?,True,,,3.055984000035096,1.5371062000049278,1.4939305000007153,1.1899974197149277e-05,0.024931600026320666,0,False,1787940362.6299286
qa,77,2,星河S2手机的内存是多少?,True,,,4.657795200007968,3.979656799987424,0.6655702999560162,1.9700033590197563e-05,0.012541199976112694,0,False,1787940382.6373985
qa,77,3,星耀X1的电池容量是多少?,True,,,2.3847107000183314,1.4613504000008106,0.8440374999772757,2.6900030206888914e-05,0.0792900999658741,0,False,1787940402.6399953
qa,77,4,星耀X1和星河S2哪款更便宜?,True,,,3.637697300000582,2.3371449999976903,1.2743760999874212,3.920000744983554e-05,0.02613229997223243,0,False,1787940422.6353345
qa,77,5,星跃智能手表的价格是多少?,True,,,4.59962589998031,3.9606957000214607,0.6148226999794133,4.050001734867692e-05,0.024058800016064197,0,False,1787940442.6392748
qa,77,6,清透防晒霜的防晒指数是多少?,True,,,2.406517099996563,1.5125516999978572,0.8510259000468068,1.869996776804328e-05,0.042915300000458956,0,False,1787940462.6387427
qa,78,1,星河S2手机的内存是多少?,True,,,1.1883331999997608,0.5315131999668665,0.6298568000202067,2.1899992134422064e-05,0.026937299990095198,0,False,1787940362.6286173
qa,78,2,星耀X1的电池容量是多少?,True,,,3.1469962000264786,2.3158966000191867,0.8061564000090584,2.6600027922540903e-05,0.024911399988923222,0,False,1787940382.6334486
qa,78,3,星耀X1和星河S2哪款更便宜?,True,,,1.7680259000044316,0.5554980000015348,1.1829887000494637,1.8000020645558834e-05,0.029514299996662885,0,False,1787940402.6388733
qa,78,4,星跃智能手表的价格是多少?,True,,,1.4029833000386134,0.555020300031174,0.7711583999916911,1.5600002370774746e-05,0.07678550004493445,0,False,1787940422.6336882
qa,78,5,清透防晒霜的防晒指数是多少?,True,,,2.0285446999478154,1.3120965999551117,0.7093672000337392,2.8100039344280958e-05,0.007047599996440113,0,False,1787940442.63568
qa,78,6,洗发水是氨基酸配方吗?,True,,,4.7732731999713,4.003356700006407,0.7605593000189401,1.8799968529492617e-05,0.009333699999842793,0,False,1787940462.6357021
qa,79,1,星耀X1的电池容量是多少?,True,,,5.0251111999969,4.1962080000084825,0.8189631000277586,2.6100024115294218e-05,0.009908600011840463,0,False,1787940362.6288567
qa,79,2,星耀X1和星河S2哪款更便宜?,True,,,1.751461100007873,0.599904400005471,1.1410632000188343,3.4999975468963385e-05,0.010452999966219068,0,False,1787940382.63329
qa,79,3,星跃智能手表的价格是多少?,True,,,1.0857666000374593,0.39786550001008436,0.6755436999956146,3.2699957955628633e-05,0.012320000038016587,0,False,1787940402.6432014
qa,79,4,清透防晒霜的防晒指数是多少?,True,,,2.6553276000195183,1.4011204999987967,1.1508127999841236,1.090002479031682e-05,0.10337889997754246,0,False,1787940422.63391
qa,79,5,洗发水是氨基酸配方吗?,True,,,2.4955451999558136,1.4784993999637663,1.0074711000197567,2.3399945348501205e-05,0.00954610004555434,0,False,1787940442.6369014
qa,79,6,每日坚果礼盒一箱有多少包?,True,,,3.3025561000104062,2.615346700011287,0.6540168999927118,1.9599974621087313e-05,0.03316819999599829,0,False,1787940462.6347148
qa,80,1,星耀X1和星河S2哪款更便宜?,True,,,1.6414377999608405,0.34307910001371056,1.2508821000228636,2.7999980375170708e-05,0.04744300001766533,0,False,1787940362.624925
qa,80,2,星跃智能手表的价格是多少?,True,,,5.091119799995795,4.026737700041849,1.0360898000071757,4.1700026486068964e-05,0.028243100037798285,0,False,1787940382.630546
qa,80,3,清透防晒霜的防晒指数是多少?,True,,,1.2794563000206836,0.48147930001141503,0.7827405999996699,2.269999822601676e-05,0.015206400013994426,0,False,1787940402.6286476
qa,80,4,洗发水是氨基酸配方吗?,True,,,4.634605799976271,3.8106753999600187,0.8174364999867976,2.9200047720223665e-05,0.006460200005676597,0,False,1787940422.6300366
qa,80,5,每日坚果礼盒一箱有多少包?,True,,,2.161762200004887,1.3352923999773338,0.732829499989748,5.339999916031957e-05,0.09358109999448061,0,False,1787940442.6373022
qa,80,6,挂耳咖啡怎么冲泡最好喝?,True,,,3.3435556999756955,1.5489976999815553,1.768969200027641,1.939997309818864e-05,0.02556500001810491,0,False,1787940462.62758
qa,81,1,星跃智能手表的价格是多少?,True,,,2.283816499984823,1.5834175000200048,0.6815052999882028,1.7300015315413475e-05,0.018871700041927397,0,False,1787940362.62515
qa,81,2,清透防晒霜的防晒指数是多少?,True,,,2.266340600035619,1.537801300000865,0.7187137000146322,1.8899969290941954e-05,0.009802500018849969,0,False,1787940382.631295
qa,81,3,洗发水是氨基酸配方吗?,True,,,4.858546400035266,3.9216155000030994,0.8833694999921136,1.7600017599761486e-05,0.0535389999859035,0,False,1787940402.6314595
qa,81,4,每日坚果礼盒一箱有多少包?,True,,,4.75781439995626,3.9475130999926478,0.799381099990569,4.429998807609081e-05,0.010868500045035034,0,False,1787940422.63078
qa,81,5,挂耳咖啡怎么冲泡最好喝?,True,,,3.063590199977625,1.4994618999771774,1.5531899000052363,2.7099973522126675e-05,0.010905799979809672,0,False,1787940442.6298845
qa,81,6,恒温保温杯能保温多久?,True,,,5.195416700036731,3.9640299000311643,1.222681500017643,1.71000137925148e-05,0.008681600040290505,0,False,1787940462.6273537
qa,82,1,清透防晒霜的防晒指数是多少?,True,,,4.526745999988634,3.6924430999788456,0.8044280000030994,3.1100003980100155e-05,0.029837199952453375,0,False,1787940362.6254592
qa,82,2,洗发水是氨基酸配方吗?,True,,,3.5413319999934174,2.669539700029418,0.8491136999800801,4.6900007873773575e-05,0.022624500037636608,0,False,1787940382.6308203
qa,82,3,每日坚果礼盒一箱有多少包?,True,,,1.1717165000154637,0.5892788000055589,0.5718336999998428,3.91000066883862e-05,0.010558400012087077,0,False,1787940402.630395
qa,82,4,挂耳咖啡怎么冲泡最好喝?,True,,,3.9501867999788374,2.323086099990178,1.604375599999912,1.7400016076862812e-05,0.022703599999658763,0,False,1787940422.6309032
qa,82,5,恒温保温杯能保温多久?,True,,,4.958647300023586,3.88040359999286,1.0701945999753661,3.260001540184021e-05,0.008010299992747605,0,False,1787940442.6283529
qa,82,6,乳胶记忆枕是什么材质的?,True,,,3.5180162000469863,2.5136563000269234,0.9911638000048697,2.6999972760677338e-05,0.013161499984562397,0,False,1787940462.6284873
qa,83,1,洗发水是氨基酸配方吗?,True,,,3.6145002000266686,2.691370200016536,0.9113064999692142,4.1199964471161366e-05,0.011775600025430322,0,False,1787940362.628385
qa,83,2,每日坚果礼盒一箱有多少包?,True,,,1.2939438999746926,0.6384425000287592,0.646271700039506,4.0499959141016006e-05,0.009185200033243746,0,False,1787940382.633071
qa,83,3,挂耳咖啡怎么冲泡最好喝?,True,,,1.942976699967403,0.5122241000062786,1.4016038000117987,1.3499986380338669e-05,0.029130800045095384,0,False,1787940402.6380339
qa,83,4,恒温保温杯能保温多久?,True,,,1.7728269000072032,0.47561530000530183,1.2699649999849498,4.7799956519156694e-05,0.02718899998581037,0,False,1787940422.633276
qa,83,5,乳胶记忆枕是什么材质的?,True,,,2.320296599995345,1.4212644000072032,0.8823292999877594,2.370000584051013e-05,0.01667410001391545,0,False,1787940442.6357982
qa,83,6,四件套是什么面料?,True,,,3.3160590000334196,2.3486181999905966,0.9041050000232644,2.3100001271814108e-05,0.06330800004070625,0,False,1787940462.6337245
qa,84,1,每日坚果礼盒一箱有多少包?,True,,,4.945929499983322,4.229942700010724,0.6895175000536256,2.5600020308047533e-05,0.02643899997929111,0,False,1787940362.6252754
qa,84,2,挂耳咖啡怎么冲泡最好喝?,True,,,5.607542300014757,3.7016249999869615,1.9000784999807365,2.4900014977902174e-05,0.005808099987916648,0,False,1787940382.6311765
qa,84,3,恒温保温杯能保温多久?,True,,,2.664481899992097,1.3501569000072777,1.305411199980881,2.2299995180219412e-05,0.008886000025086105,0,False,1787940402.640622
qa,84,4,乳胶记忆枕是什么材质的?,True,,,3.660200599988457,2.672481700021308,0.9539426999981515,3.300001844763756e-05,0.03373650001594797,0,False,1787940422.6305838
qa,84,5,四件套是什么面料?,True,,,5.015700099989772,4.02202859998215,0.9867419999791309,2.9499991796910763e-05,0.006891299970448017,0,False,1787940442.6335132
qa,84,6,轻羽无线吸尘器续航多长?,True,,,2.386730699974578,1.419666200003121,0.9579340000054799,2.7100031729787588e-05,0.009096900001168251,0,False,1787940462.6289215
qa,85,1,挂耳咖啡怎么冲泡最好喝?,True,,,3.383216399990488,1.4192716999677941,1.9584669999894686,1.8200022168457508e-05,0.005454699974507093,0,False,1787940362.6293828
qa,85,2,恒温保温杯能保温多久?,True,,,1.9356891999486834,0.5786070000031032,1.3390753000276163,3.77000542357564e-05,0.017962400044780225,0,False,1787940382.6350758
qa,85,3,乳胶记忆枕是什么材质的?,True,,,4.925845300022047,3.994091800006572,0.9219347999896854,2.0799983758479357e-05,0.009789300034753978,0,False,1787940402.6391532
qa,85,4,四件套是什么面料?,True,,,2.7238029000000097,1.314630799985025,1.1416074999724515,8.369999704882503e-05,0.2674727999838069,0,False,1787940422.6345093
qa,85,5,轻羽无线吸尘器续航多长?,False,429,"Error code: 429 - {'error': {'message': 'You have exceeded your current request limit. For details, see: https://help.aliyun.com/zh/model-studio/error-code#rate-limit', 'type': 'limit_requests', 'para",4.051597300043795,0.0,0.0,0.0,0.0,0,False,1787940442.6390364
qa,85,6,轻量跑步鞋适合什么场景?,True,,,2.397833900002297,1.4555270000128075,0.9353135999990627,2.2299995180219412e-05,0.006966199958696961,0,False,1787940462.6373882
qa,86,1,恒温保温杯能保温多久?,True,,,5.227448699995875,4.069400499982294,1.1485874999780208,1.8799968529492617e-05,0.009437600034289062,0,False,1787940362.6245673
qa,86,2,乳胶记忆枕是什么材质的?,True,,,5.143362800008617,4.110452599998098,0.9971768000395969,2.989999484270811e-05,0.03569830005289987,0,False,1787940382.6393301
qa,86,3,四件套是什么面料?,True,,,3.535620899987407,2.6110011999844573,0.9187743999646045,2.2599997464567423e-05,0.005818000005092472,0,False,1787940402.6291838
qa,86,4,轻羽无线吸尘器续航多长?,True,,,2.5892013999982737,1.4912810000241734,1.0407464999589138,1.4699995517730713e-05,0.05715399998007342,0,False,1787940422.6295292
qa,86,5,轻量跑步鞋适合什么场景?,True,,,2.3377855999860913,1.2944476999691688,1.0311572999926284,4.2899977415800095e-05,0.012128099973779172,0,False,1787940442.6268518
qa,86,6,帐篷的防雨性能怎么样?,True,,,1.416991500009317,0.40178249997552484,0.9671977999969386,1.160003012046218e-05,0.047995800036005676,0,False,1787940462.626726
qa,87,1,乳胶记忆枕是什么材质的?,True,,,1.544748799991794,0.5725651000393555,0.782199600012973,1.0800024028867483e-05,0.18996940000215545,0,False,1787940362.609517
qa,87,2,四件套是什么面料?,True,,,1.5098666999838315,0.4370579999522306,0.916862600017339,1.999997766688466e-05,0.15592049999395385,0,False,1787940382.6101127
qa,87,3,轻羽无线吸尘器续航多长?,True,,,1.2659718000213616,0.3315087999799289,0.9212936999974772,2.789997961372137e-05,0.013135400018654764,0,False,1787940402.6096668
qa,87,4,轻量跑步鞋适合什么场景?,True,,,2.8135663000284694,1.4959955000085756,1.287315999972634,1.910002902150154e-05,0.03023039997788146,0,False,1787940422.6099794
qa,87,5,帐篷的防雨性能怎么样?,True,,,1.4622775000170805,0.30740590003551915,1.0849919999600388,3.2800016924738884e-05,0.06984109996119514,0,False,1787940442.6102035
qa,87,6,牛仔裤的尺码怎么选?,True,,,12.80233080004109,0.32089170004474,12.450465900008567,4.549999721348286e-05,0.030922200006898493,0,False,1787940462.610292
qa,88,1,四件套是什么面料?,True,,,4.5542991000111215,3.4769111999776214,1.0657213000231422,5.339999916031957e-05,0.011606000014580786,0,False,1787940362.6185508
qa,88,2,轻羽无线吸尘器续航多长?,True,,,3.4680981000419706,2.305357300036121,1.1560938999755308,1.8300022929906845e-05,0.006624600035138428,0,False,1787940382.6282582
qa,88,3,轻量跑步鞋适合什么场景?,True,,,5.074831900012214,4.061654200020712,0.9914328999584541,2.0299979951232672e-05,0.021716999995987862,0,False,1787940402.6228848
qa,88,4,帐篷的防雨性能怎么样?,True,,,1.6174132999731228,0.6392221999703906,0.9700713999918662,2.069998299703002e-05,0.008093700045719743,0,False,1787940422.6209977
qa,88,5,牛仔裤的尺码怎么选?,True,,,7.610325000016019,0.4916547000175342,7.080790999985766,5.029997555539012e-05,0.037821600039023906,0,False,1787940442.621935
qa,88,6,儿童安全座椅安装要注意什么?,True,,,5.686355100013316,3.8412453000200912,1.8188435999909416,1.999997766688466e-05,0.026238900027237833,0,False,1787940462.6205428
qa,89,1,轻羽无线吸尘器续航多长?,True,,,1.6999374000006355,0.5233532999991439,1.166644599987194,1.6799953300505877e-05,0.009918300027493387,0,False,1787940362.625363
qa,89,2,轻量跑步鞋适合什么场景?,True,,,2.4907866999856196,1.5289210000191815,0.9461115000303835,1.8499966245144606e-05,0.015731199993751943,0,False,1787940382.6309462
qa,89,3,帐篷的防雨性能怎么样?,True,,,4.7792637999518774,3.7280846999492496,1.0350868999958038,2.0199979189783335e-05,0.016065900039393455,0,False,1787940402.6308658
qa,89,4,牛仔裤的尺码怎么选?,True,,,12.354627099994104,2.326112299982924,9.99182410002686,4.729995271191001e-05,0.03663460002280772,0,False,1787940422.6298888
qa,89,5,儿童安全座椅安装要注意什么?,True,,,3.139074999955483,1.5846304000006057,1.5444048000499606,2.0300038158893585e-05,0.010011999984271824,0,False,1787940442.6291556
qa,89,6,婴儿推车适合多大的宝宝?,True,,,2.1935320000047795,0.4473905999911949,1.7323898999602534,3.070000093430281e-05,0.013714400003664196,0,False,1787940462.6286552
qa,90,1,轻量跑步鞋适合什么场景?,True,,,5.248290100018494,4.106355700001586,1.1341089999768883,2.1499989088624716e-05,0.00779920001514256,0,False,1787940362.6261082
qa,90,2,帐篷的防雨性能怎么样?,True,,,1.6840490000322461,0.47801540000364184,1.1984338000183925,1.9899976905435324e-05,0.00757549999980256,0,False,1787940382.6317847
qa,90,3,牛仔裤的尺码怎么选?,True,,,11.317042700015008,1.3124608000507578,9.989633400051389,4.880002234131098e-05,0.014890899998135865,0,False,1787940402.6342633
qa,90,4,儿童安全座椅安装要注意什么?,True,,,7.836812499968801,3.9992168999742717,3.8094154999707825,0.00012049998622387648,0.02805000002263114,0,False,1787940422.6312778
qa,90,5,婴儿推车适合多大的宝宝?,False,429,"Error code: 429 - {'error': {'message': 'You have exceeded your current request limit. For details, see: https://help.aliyun.com/zh/model-studio/error-code#rate-limit', 'type': 'limit_requests', 'para",4.069741800019983,0.0,0.0,0.0,0.0,0,False,1787940442.6344683
qa,90,6,全价猫粮开封后多久要吃完?,True,,,1.409564199973829,0.5741132999537513,0.7902889000251889,1.799996243789792e-05,0.045135000022128224,0,False,1787940462.629827
qa,91,1,帐篷的防雨性能怎么样?,True,,,3.5258530999999493,2.701212599989958,0.7981571999844164,9.999959729611874e-06,0.026466300012543797,0,False,1787940362.6259553
qa,91,2,牛仔裤的尺码怎么选?,True,,,8.332658700004686,1.4212426000158302,6.87777909997385,2.2499996703118086e-05,0.03360979998251423,0,False,1787940382.6316497
qa,91,3,儿童安全座椅安装要注意什么?,True,,,6.714052800030913,3.9570251000113785,2.7493633999838494,2.039998071268201e-05,0.007637200003955513,0,False,1787940402.6339643
qa,91,4,婴儿推车适合多大的宝宝?,True,,,2.806385300005786,1.3363179999869317,1.4620618000044487,2.239999594166875e-05,0.00797700003022328,0,False,1787940422.6318648
qa,91,5,全价猫粮开封后多久要吃完?,True,,,2.203167699975893,1.3424362000077963,0.8327862999867648,2.1499989088624716e-05,0.027918800013139844,0,False,1787940442.6338756
qa,91,6,宠物自动饮水机的滤芯多久换一次?,True,,,4.601230799977202,3.963436799996998,0.629847600008361,2.2099993657320738e-05,0.007916299975477159,0,False,1787940462.6304822
qa,92,1,牛仔裤的尺码怎么选?,True,,,11.54078840004513,1.3464931000489742,10.163865800015628,4.4599990360438824e-05,0.030376099981367588,0,False,1787940362.6260362
qa,92,2,儿童安全座椅安装要注意什么?,True,,,6.76631079998333,4.457194700022228,2.276916600007098,4.120002267882228e-05,0.032150200044270605,0,False,1787940382.6315353
qa,92,3,婴儿推车适合多大的宝宝?,True,,,2.3178588000009768,0.5124759000027552,1.7803408000036143,2.1000043489038944e-05,0.02501539996592328,0,False,1787940402.632993
qa,92,4,全价猫粮开封后多久要吃完?,True,,,4.583523300010711,3.8226385000161827,0.7539385999552906,2.2199994418770075e-05,0.006919300009030849,0,False,1787940422.631512
qa,92,5,宠物自动饮水机的滤芯多久换一次?,True,,,4.810202499968,4.066244399989955,0.7336223999736831,2.1199986804276705e-05,0.010309099976439029,0,False,1787940442.634122
qa,92,6,智能电饭煲有哪些功能?,True,,,5.381707000022288,4.278883999970276,1.097267400007695,2.3100001271814108e-05,0.0055278000072576106,0,False,1787940462.629405
qa,93,1,儿童安全座椅安装要注意什么?,True,,,3.8862862999667414,1.5553563999710605,2.295172900019679,2.269999822601676e-05,0.035729800001718104,0,False,1787940362.629207
qa,93,2,婴儿推车适合多大的宝宝?,True,,,5.717904799967073,4.09695350000402,1.5870393000077456,2.1000043489038944e-05,0.033883699972648174,0,False,1787940382.6413417
qa,93,3,全价猫粮开封后多久要吃完?,True,,,2.322652900009416,1.5461764999781735,0.7691844999790192,2.1199986804276705e-05,0.007266100030392408,0,False,1787940402.6395018
qa,93,4,宠物自动饮水机的滤芯多久换一次?,True,,,2.5532678000163287,1.5463903000345454,0.939599699981045,2.5099958293139935e-05,0.0672474000020884,0,False,1787940422.6346345
qa,93,5,智能电饭煲有哪些功能?,True,,,4.923460000019986,3.9000725999940187,1.0038942000246607,2.9200047720223665e-05,0.01945820002583787,0,False,1787940442.6294456
qa,93,6,星河S2手机的内存是多少?,True,,,2.054517000040505,1.421353000041563,0.6056191000388935,2.489995677024126e-05,0.027514900022652,0,False,1787940462.6370277
qa,94,1,婴儿推车适合多大的宝宝?,True,,,5.379914699995425,3.86498259997461,1.4675159000325948,1.629994949325919e-05,0.04739500000141561,0,False,1787940362.6294558
qa,94,2,全价猫粮开封后多久要吃完?,True,,,2.2004733000067063,1.3305673000286333,0.823334899963811,1.7000013031065464e-05,0.04654889996163547,0,False,1787940382.6349168
qa,94,3,宠物自动饮水机的滤芯多久换一次?,True,,,2.227649200009182,1.4839097000076436,0.7314939000061713,1.4999997802078724e-05,0.012224300007801503,0,False,1787940402.6390014
qa,94,4,智能电饭煲有哪些功能?,True,,,2.985771899984684,1.415160799981095,1.5480895999935456,4.240003181621432e-05,0.02247009996790439,0,False,1787940422.6343954
qa,94,5,星河S2手机的内存是多少?,True,,,2.862732400011737,2.2932077999575995,0.5630330000421964,2.080004196614027e-05,0.006466499995440245,0,False,1787940442.6374373
qa,94,6,星耀X1的电池容量是多少?,True,,,4.569128200004343,3.815744499966968,0.7366966999834403,4.279997665435076e-05,0.016637800028547645,0,False,1787940462.6375813
qa,95,1,全价猫粮开封后多久要吃完?,True,,,2.1015567999565974,1.3755207000067458,0.7138626000378281,1.729995710775256e-05,0.012151500035542995,0,False,1787940362.6248415
qa,95,2,宠物自动饮水机的滤芯多久换一次?,True,,,1.5380120999761857,0.5072746999794617,0.8558664000011049,2.5399960577487946e-05,0.17484069999773055,0,False,1787940382.6304283
qa,95,3,智能电饭煲有哪些功能?,True,,,2.610337399994023,1.4958021999918856,1.110264599963557,1.4999997802078724e-05,0.004250099998898804,0,False,1787940402.6374617
qa,95,4,星河S2手机的内存是多少?,True,,,4.454124899988528,3.81937189999735,0.6300813999841921,3.8700003642588854e-05,0.004623299988452345,0,False,1787940422.625718
qa,95,5,星耀X1的电池容量是多少?,True,,,1.2283872999832965,0.39675159996841103,0.8202780000283383,2.700003096833825e-05,0.011324899969622493,0,False,1787940442.627342
qa,95,6,星耀X1和星河S2哪款更便宜?,True,,,5.155655399954412,4.013510299962945,1.130671999999322,2.859998494386673e-05,0.011437000008299947,0,False,1787940462.6277363
qa,96,1,宠物自动饮水机的滤芯多久换一次?,True,,,1.1855062000104226,0.48732379998546094,0.6736286000232212,2.5100016500800848e-05,0.02452209999319166,0,False,1787940362.6246629
qa,96,2,智能电饭煲有哪些功能?,True,,,2.700080499984324,1.5693739000125788,1.088997799961362,2.7699978090822697e-05,0.041669199999887496,0,False,1787940382.6303117
qa,96,3,星河S2手机的内存是多少?,True,,,2.274146900046617,1.5027162000187673,0.704213599965442,2.050003968179226e-05,0.06719169998541474,0,False,1787940402.638479
qa,96,4,星耀X1的电池容量是多少?,True,,,5.021051099989563,4.279470899957232,0.7299463999806903,2.2599997464567423e-05,0.011606400017626584,0,False,1787940422.6293893
qa,96,5,星耀X1和星河S2哪款更便宜?,True,,,1.544191499997396,0.4113477999926545,1.1177774000097997,2.139998832717538e-05,0.015039999969303608,0,False,1787940442.6287885
qa,96,6,星跃智能手表的价格是多少?,True,,,2.091521999973338,1.3505803999723867,0.709081300010439,2.5799963623285294e-05,0.0318274000310339,0,False,1787940462.628042
qa,97,1,智能电饭煲有哪些功能?,True,,,5.599348699965049,4.175142899970524,1.3919198000221513,3.50000336766243e-05,0.0322425999911502,0,False,1787940362.6250012
qa,97,2,星河S2手机的内存是多少?,True,,,2.9943467999692075,2.333302500017453,0.63808100001188,7.82000133767724e-05,0.022875300026498735,0,False,1787940382.6300755
qa,97,3,星耀X1的电池容量是多少?,True,,,1.4719275999814272,0.5610524999792688,0.8352246999857016,2.0899984519928694e-05,0.07562449999386445,0,False,1787940402.6372845
qa,97,4,星耀X1和星河S2哪款更便宜?,True,,,2.5702125999960117,1.2944176999735646,1.2231298999977298,5.709996912628412e-05,0.05260110000381246,0,False,1787940422.630358
qa,97,5,星跃智能手表的价格是多少?,True,,,4.538275899947621,3.832692399970256,0.6933523999759927,2.8799986466765404e-05,0.012190799985546619,0,False,1787940442.6309934
qa,97,6,清透防晒霜的防晒指数是多少?,True,,,1.2639757000142708,0.4955931999720633,0.7384479999891482,1.2400036212056875e-05,0.02991779998410493,0,False,1787940462.6282117
qa,98,1,星河S2手机的内存是多少?,True,,,2.150912499986589,1.4887371999793686,0.646166099992115,2.8099981136620045e-05,0.015975399990566075,0,False,1787940362.6264021
qa,98,2,星耀X1的电池容量是多少?,True,,,2.160482299979776,1.3479425000259653,0.7502883999841288,4.6799948904663324e-05,0.06219810002949089,0,False,1787940382.6323507
qa,98,3,星耀X1和星河S2哪款更便宜?,True,,,2.543422099959571,1.434545399970375,1.0849840000155382,2.8100039344280958e-05,0.023860099958255887,0,False,1787940402.635537
qa,98,4,星跃智能手表的价格是多少?,True,,,1.3094036999973468,0.5214867999893613,0.7735951999784447,3.3400021493434906e-05,0.014282799966167659,0,False,1787940422.6319773
qa,98,5,清透防晒霜的防晒指数是多少?,True,,,1.3809985000407323,0.5826945999870077,0.7657213000347838,2.4300010409206152e-05,0.03255070000886917,0,False,1787940442.6265843
qa,98,6,洗发水是氨基酸配方吗?,True,,,1.7614598000072874,0.5178720999974757,0.9153638000134379,3.5699980799108744e-05,0.3281836999813095,0,False,1787940462.631333
qa,99,1,星耀X1的电池容量是多少?,True,,,4.978840499999933,4.11389809998218,0.8051804000278935,2.3200002033263445e-05,0.05973430001176894,0,False,1787940362.6280878
qa,99,2,星耀X1和星河S2哪款更便宜?,True,,,3.9417790000443347,2.7126587000093423,1.1983080999925733,1.7400016076862812e-05,0.030790299992077053,0,False,1787940382.6331818
qa,99,3,星跃智能手表的价格是多少?,True,,,2.0986110000521876,1.3693601000122726,0.6948622000054456,4.039995837956667e-05,0.03434190002735704,0,False,1787940402.6378362
qa,99,4,清透防晒霜的防晒指数是多少?,True,,,2.681223999999929,1.4408918999833986,1.0863009000313468,1.8000020645558834e-05,0.15400849998695776,0,False,1787940422.6330857
qa,99,5,洗发水是氨基酸配方吗?,True,,,2.4180359999882057,1.4673498999909498,0.9406555000459775,3.4100026823580265e-05,0.009991800005082041,0,False,1787940442.6351628
qa,99,6,每日坚果礼盒一箱有多少包?,True,,,3.680236399988644,2.999570499989204,0.663321600004565,3.5400036722421646e-05,0.017301700019743294,0,False,1787940462.6333487
login,0,1,,True,,,0.2019587999675423,0.2019587999675423,0.0,0.0,0.0,0,False,1787940476.5492637
login,1,1,,True,,,0.9245422999956645,0.9245422999956645,0.0,0.0,0.0,0,False,1787940476.556695
login,2,1,,True,,,0.20674009999493137,0.20674009999493137,0.0,0.0,0.0,0,False,1787940476.5436044
login,3,1,,True,,,1.2382800999912433,1.2382800999912433,0.0,0.0,0.0,0,False,1787940476.56981
login,4,1,,True,,,1.2184311000164598,1.2184311000164598,0.0,0.0,0.0,0,False,1787940476.5648053
login,5,1,,True,,,1.0003616000176407,1.0003616000176407,0.0,0.0,0.0,0,False,1787940476.5638475
login,6,1,,True,,,0.4119014000170864,0.4119014000170864,0.0,0.0,0.0,0,False,1787940476.5603123
login,7,1,,True,,,0.1950257999706082,0.1950257999706082,0.0,0.0,0.0,0,False,1787940476.5483255
login,8,1,,True,,,0.3089978000498377,0.3089978000498377,0.0,0.0,0.0,0,False,1787940476.5476506
login,9,1,,True,,,0.19657950004329905,0.19657950004329905,0.0,0.0,0.0,0,False,1787940476.548857
login,10,1,,True,,,0.21609880001051351,0.21609880001051351,0.0,0.0,0.0,0,False,1787940476.550351
login,11,1,,True,,,1.4048014000291005,1.4048014000291005,0.0,0.0,0.0,0,False,1787940476.569286
login,12,1,,True,,,0.5777100999839604,0.5777100999839604,0.0,0.0,0.0,0,False,1787940476.5667398
login,13,1,,True,,,1.2608078000484966,1.2608078000484966,0.0,0.0,0.0,0,False,1787940476.5764542
login,14,1,,True,,,0.21802660002140328,0.21802660002140328,0.0,0.0,0.0,0,False,1787940476.5498595
login,15,1,,True,,,1.3699391999980435,1.3699391999980435,0.0,0.0,0.0,0,False,1787940476.5654624
login,16,1,,True,,,0.7524269999703392,0.7524269999703392,0.0,0.0,0.0,0,False,1787940476.5710976
login,17,1,,True,,,0.23100689996499568,0.23100689996499568,0.0,0.0,0.0,0,False,1787940476.5505645
login,18,1,,True,,,0.20946049998747185,0.20946049998747185,0.0,0.0,0.0,0,False,1787940476.5522132
login,19,1,,True,,,0.2567772999755107,0.2567772999755107,0.0,0.0,0.0,0,False,1787940476.552715
login,20,1,,True,,,0.27467880002222955,0.27467880002222955,0.0,0.0,0.0,0,False,1787940476.5508924
login,21,1,,True,,,0.2419198999996297,0.2419198999996297,0.0,0.0,0.0,0,False,1787940476.55118
login,22,1,,True,,,0.37735359999351203,0.37735359999351203,0.0,0.0,0.0,0,False,1787940476.5538065
login,23,1,,True,,,0.8741535000153817,0.8741535000153817,0.0,0.0,0.0,0,False,1787940476.5529792
login,24,1,,True,,,0.3224625999573618,0.3224625999573618,0.0,0.0,0.0,0,False,1787940476.5514321
login,25,1,,True,,,0.2903968999744393,0.2903968999744393,0.0,0.0,0.0,0,False,1787940476.551949
login,26,1,,True,,,0.22501130000455305,0.22501130000455305,0.0,0.0,0.0,0,False,1787940476.5524504
login,27,1,,True,,,0.3714081999496557,0.3714081999496557,0.0,0.0,0.0,0,False,1787940476.5539863
login,28,1,,True,,,0.952944100019522,0.952944100019522,0.0,0.0,0.0,0,False,1787940476.5534854
login,29,1,,True,,,1.3584311000304297,1.3584311000304297,0.0,0.0,0.0,0,False,1787940476.5532446
login,30,1,,True,,,1.1961186999687925,1.1961186999687925,0.0,0.0,0.0,0,False,1787940476.5542085
login,31,1,,True,,,0.9347811000188813,0.9347811000188813,0.0,0.0,0.0,0,False,1787940476.5544198
login,32,1,,True,,,0.42946670000674203,0.42946670000674203,0.0,0.0,0.0,0,False,1787940476.5546684
login,33,1,,True,,,1.0349055000115186,1.0349055000115186,0.0,0.0,0.0,0,False,1787940476.566276
login,34,1,,True,,,0.39636650000466034,0.39636650000466034,0.0,0.0,0.0,0,False,1787940476.5549066
login,35,1,,True,,,1.426219500019215,1.426219500019215,0.0,0.0,0.0,0,False,1787940476.555121
login,36,1,,True,,,1.1877331000287086,1.1877331000287086,0.0,0.0,0.0,0,False,1787940476.5553846
login,37,1,,True,,,0.937585899955593,0.937585899955593,0.0,0.0,0.0,0,False,1787940476.555581
login,38,1,,True,,,1.4009674999979325,1.4009674999979325,0.0,0.0,0.0,0,False,1787940476.5557976
login,39,1,,True,,,0.41130739997606725,0.41130739997606725,0.0,0.0,0.0,0,False,1787940476.5560186
login,40,1,,True,,,1.218068799993489,1.218068799993489,0.0,0.0,0.0,0,False,1787940476.5591626
login,41,1,,True,,,0.9599005000200123,0.9599005000200123,0.0,0.0,0.0,0,False,1787940476.5562706
login,42,1,,True,,,0.7239578999578953,0.7239578999578953,0.0,0.0,0.0,0,False,1787940476.5699244
login,43,1,,True,,,0.5679055000073276,0.5679055000073276,0.0,0.0,0.0,0,False,1787940476.564141
login,44,1,,True,,,1.0214795999927446,1.0214795999927446,0.0,0.0,0.0,0,False,1787940476.56511
login,45,1,,True,,,0.8160910999868065,0.8160910999868065,0.0,0.0,0.0,0,False,1787940476.5784225
login,46,1,,True,,,1.3835614999989048,1.3835614999989048,0.0,0.0,0.0,0,False,1787940476.5776112
login,47,1,,True,,,1.2547687999904156,1.2547687999904156,0.0,0.0,0.0,0,False,1787940476.566509
login,48,1,,True,,,0.5824120999895968,0.5824120999895968,0.0,0.0,0.0,0,False,1787940476.566891
login,49,1,,True,,,1.2162524000159465,1.2162524000159465,0.0,0.0,0.0,0,False,1787940476.5573092
login,50,1,,True,,,0.7911573000019416,0.7911573000019416,0.0,0.0,0.0,0,False,1787940476.577837
login,51,1,,True,,,1.3700580999720842,1.3700580999720842,0.0,0.0,0.0,0,False,1787940476.5700378
login,52,1,,True,,,0.6302763999556191,0.6302763999556191,0.0,0.0,0.0,0,False,1787940476.5682607
login,53,1,,True,,,0.7613931000232697,0.7613931000232697,0.0,0.0,0.0,0,False,1787940476.5740402
login,54,1,,True,,,0.9901807999704033,0.9901807999704033,0.0,0.0,0.0,0,False,1787940476.5645306
login,55,1,,True,,,0.5473355999565683,0.5473355999565683,0.0,0.0,0.0,0,False,1787940476.563442
login,56,1,,True,,,1.2265700999996625,1.2265700999996625,0.0,0.0,0.0,0,False,1787940476.5780346
login,57,1,,True,,,0.9618348000221886,0.9618348000221886,0.0,0.0,0.0,0,False,1787940476.5629416
login,58,1,,True,,,1.0276358000119217,1.0276358000119217,0.0,0.0,0.0,0,False,1787940476.5670078
login,59,1,,True,,,0.7585777000058442,0.7585777000058442,0.0,0.0,0.0,0,False,1787940476.5706537
login,60,1,,True,,,0.7713693000259809,0.7713693000259809,0.0,0.0,0.0,0,False,1787940476.575897
login,61,1,,True,,,1.159064200008288,1.159064200008288,0.0,0.0,0.0,0,False,1787940476.5786006
login,62,1,,True,,,0.8211212000460364,0.8211212000460364,0.0,0.0,0.0,0,False,1787940476.5789227
login,63,1,,True,,,0.5394408000283875,0.5394408000283875,0.0,0.0,0.0,0,False,1787940476.5649292
login,64,1,,True,,,0.4541927999816835,0.4541927999816835,0.0,0.0,0.0,0,False,1787940476.5607443
login,65,1,,True,,,0.4634791000280529,0.4634791000280529,0.0,0.0,0.0,0,False,1787940476.5623517
login,66,1,,True,,,0.7558139000320807,0.7558139000320807,0.0,0.0,0.0,0,False,1787940476.5723023
login,67,1,,True,,,1.2558496000128798,1.2558496000128798,0.0,0.0,0.0,0,False,1787940476.5703182
login,68,1,,True,,,1.4186350000090897,1.4186350000090897,0.0,0.0,0.0,0,False,1787940476.572578
login,69,1,,True,,,0.9769577999832109,0.9769577999832109,0.0,0.0,0.0,0,False,1787940476.5574992
login,70,1,,True,,,0.8027347999741323,0.8027347999741323,0.0,0.0,0.0,0,False,1787940476.5770683
login,71,1,,True,,,0.5052943999762647,0.5052943999762647,0.0,0.0,0.0,0,False,1787940476.5598812
login,72,1,,True,,,1.447096399962902,1.447096399962902,0.0,0.0,0.0,0,False,1787940476.5633202
login,73,1,,True,,,0.591691100038588,0.591691100038588,0.0,0.0,0.0,0,False,1787940476.566016
login,74,1,,True,,,1.1506059999810532,1.1506059999810532,0.0,0.0,0.0,0,False,1787940476.5719128
login,75,1,,True,,,0.6829612999572419,0.6829612999572419,0.0,0.0,0.0,0,False,1787940476.5691192
login,76,1,,True,,,1.041206100024283,1.041206100024283,0.0,0.0,0.0,0,False,1787940476.5686152
login,77,1,,True,,,0.46911459998227656,0.46911459998227656,0.0,0.0,0.0,0,False,1787940476.5619795
login,78,1,,True,,,0.4024607999599539,0.4024607999599539,0.0,0.0,0.0,0,False,1787940476.558834
login,79,1,,True,,,1.3711291999788955,1.3711291999788955,0.0,0.0,0.0,0,False,1787940476.5630667
login,80,1,,True,,,0.6262666000402533,0.6262666000402533,0.0,0.0,0.0,0,False,1787940476.5675843
login,81,1,,True,,,1.4304484000313096,1.4304484000313096,0.0,0.0,0.0,0,False,1787940476.5580056
login,82,1,,True,,,0.7196074000094086,0.7196074000094086,0.0,0.0,0.0,0,False,1787940476.5696886
login,83,1,,True,,,1.0525399000034668,1.0525399000034668,0.0,0.0,0.0,0,False,1787940476.5695431
login,84,1,,True,,,0.7034314000047743,0.7034314000047743,0.0,0.0,0.0,0,False,1787940476.5693994
login,85,1,,True,,,0.5969766000052914,0.5969766000052914,0.0,0.0,0.0,0,False,1787940476.5672162
login,86,1,,True,,,0.9679740999708883,0.9679740999708883,0.0,0.0,0.0,0,False,1787940476.562784
login,87,1,,True,,,1.2279074999969453,1.2279074999969453,0.0,0.0,0.0,0,False,1787940476.5678763
login,88,1,,True,,,0.536476599983871,0.536476599983871,0.0,0.0,0.0,0,False,1787940476.5631876
login,89,1,,True,,,0.5663817999884486,0.5663817999884486,0.0,0.0,0.0,0,False,1787940476.565325
login,90,1,,True,,,0.7298275999492034,0.7298275999492034,0.0,0.0,0.0,0,False,1787940476.5701463
login,91,1,,True,,,1.2179168000002392,1.2179168000002392,0.0,0.0,0.0,0,False,1787940476.5704896
login,92,1,,True,,,0.6366779999807477,0.6366779999807477,0.0,0.0,0.0,0,False,1787940476.56888
login,93,1,,True,,,1.3905713999993168,1.3905713999993168,0.0,0.0,0.0,0,False,1787940476.5781906
login,94,1,,True,,,0.37748630001442507,0.37748630001442507,0.0,0.0,0.0,0,False,1787940476.5583744
login,95,1,,True,,,0.5714627000270411,0.5714627000270411,0.0,0.0,0.0,0,False,1787940476.565613
login,96,1,,True,,,0.5174495999817736,0.5174495999817736,0.0,0.0,0.0,0,False,1787940476.562515
login,97,1,,True,,,1.1810381000395864,1.1810381000395864,0.0,0.0,0.0,0,False,1787940476.5751743
login,98,1,,True,,,0.43486569996457547,0.43486569996457547,0.0,0.0,0.0,0,False,1787940476.5613422
login,99,1,,True,,,0.38312680000672117,0.38312680000672117,0.0,0.0,0.0,0,False,1787940476.5569525
